appelation;categorie;ressource;evenement;legende;statut;maj;departement;commune;point2d
Statue du général Abbatucci;;http://www.culture.gouv.fr/public/mistral/merimee_fr?ACTION=CHERCHER&FIELD_1=REF&VALUE_1=PA2A000019;inscription le 22/06/2017;Inscrit;commune;2019-12-05;2A;Ajaccio;41.92543,8.73842
Palais Fesch | Statue du cardinal Fesch;;http://www.culture.gouv.fr/public/mistral/merimee_fr?ACTION=CHERCHER&FIELD_1=REF&VALUE_1=PA2A000018;inscription le 22/06/2017;Inscrit;commune;2019-12-05;2A;Ajaccio;41.92195,8.73863
Monument commémoratif de Sampiero Corso;architecture funéraire - commémorative - votive;http://www.culture.gouv.fr/public/mistral/merimee_fr?ACTION=CHERCHER&FIELD_1=REF&VALUE_1=PA2A000002;inscription le 08/02/2008;Inscrit;commune;2019-12-05;2A;Bastelica;42.00088,9.04982
Maison forte;architecture domestique;http://www.culture.gouv.fr/public/mistral/merimee_fr?ACTION=CHERCHER&FIELD_1=REF&VALUE_1=PA2A000001;inscription le 09/01/2007;Inscrit;personne privée physique;2019-12-05;2A;Urbalacone;41.83604,8.94892
Monument commémoratif Napoléon et ses frères;;http://www.culture.gouv.fr/public/mistral/merimee_fr?ACTION=CHERCHER&FIELD_1=REF&VALUE_1=PA2A000017;inscription le 22/06/2017;Inscrit;commune;2019-12-05;2A;Ajaccio;41.91756,8.7362
Moulin de Guardienna;architecture artisanale;http://www.culture.gouv.fr/public/mistral/merimee_fr?ACTION=CHERCHER&FIELD_1=REF&VALUE_1=PA00099103;inscription le 29/07/1987;Inscrit;personne privée physique;2019-12-05;2A;Porto-Vecchio;41.57923,9.24803
Tour de Pinarello;architecture militaire;http://www.culture.gouv.fr/public/mistral/merimee_fr?ACTION=CHERCHER&FIELD_1=REF&VALUE_1=PA00099147;inscription le 04/08/1992;Inscrit;établissement public de l'État;2019-12-05;2A;Zonza;41.67067,9.39267
Chapelle santa Maria Assunta de Cruscaglia;architecture religieuse;http://www.culture.gouv.fr/public/mistral/merimee_fr?ACTION=CHERCHER&FIELD_1=REF&VALUE_1=PA00099098;inscription le 02/12/1926;Inscrit;commune;2019-12-05;2A;Moca-Croce;41.80778,9.00037
"Tour de Capo di Muro ou de ""Capu di Muru""";architecture militaire;http://www.culture.gouv.fr/public/mistral/merimee_fr?ACTION=CHERCHER&FIELD_1=REF&VALUE_1=PA00132603;inscription conservatoire le 22/04/1994;Inscrit;région;2019-12-05;2A;Coti-Chiavari;41.74984,8.6765
Chapelle Sainte Marie;architecture religieuse;http://www.culture.gouv.fr/public/mistral/merimee_fr?ACTION=CHERCHER&FIELD_1=REF&VALUE_1=PA00099104;classement le 15/07/1976;Classé;commune;2019-12-05;2A;Quenza;41.76294,9.13468
Domaine et maison des Milelli | Maison des Milelli;architecture domestique;http://www.culture.gouv.fr/public/mistral/merimee_fr?ACTION=CHERCHER&FIELD_1=REF&VALUE_1=PA00099065;classement le 14/02/1958;Classé;commune;2019-12-05;2A;Ajaccio;41.93841,8.71876
Maison;architecture domestique;http://www.culture.gouv.fr/public/mistral/merimee_fr?ACTION=CHERCHER&FIELD_1=REF&VALUE_1=PA00099084;inscription le 12/05/1927;Partiellement inscrit;personne privée physique;2019-12-05;2A;Bonifacio;41.38733,9.1598
Ancienne église paroissiale Saint-Albert de Calvese;architecture religieuse;http://www.culture.gouv.fr/public/mistral/merimee_fr?ACTION=CHERCHER&FIELD_1=REF&VALUE_1=PA2A000012;inscription le 10/05/2012;Inscrit;commune;2019-12-05;2A;Sollacaro;41.74675,8.90957
Maison Peretti;architecture domestique;;inscription le 05/08/2019;Inscrit;personne privée physique;2019-12-05;2A;Olmeto;41.71698,8.91829
Tour de Colomba;architecture domestique;http://www.culture.gouv.fr/public/mistral/merimee_fr?ACTION=CHERCHER&FIELD_1=REF&VALUE_1=PA00099093;inscription le 07/03/1952;Inscrit;personne privée physique;2019-12-05;2A;Fozzano;41.6977,9.00082
Eglise Saint-Jean-Baptiste;architecture religieuse;http://www.culture.gouv.fr/public/mistral/merimee_fr?ACTION=CHERCHER&FIELD_1=REF&VALUE_1=PA00099111;classement le 23/07/1976;Classé;commune;2019-12-05;2A;Sari-d'Orcino;42.06156,8.80134
Maison Doria;architecture domestique;http://www.culture.gouv.fr/public/mistral/merimee_fr?ACTION=CHERCHER&FIELD_1=REF&VALUE_1=PA00099083;inscription le 07/10/1935;Partiellement inscrit;personne privée physique;2019-12-05;2A;Bonifacio;41.38672,9.15912
Chapelle des Grecs;architecture religieuse;http://www.culture.gouv.fr/public/mistral/merimee_fr?ACTION=CHERCHER&FIELD_1=REF&VALUE_1=PA00099059;inscription le 09/03/1927;Inscrit;commune;2019-12-05;2A;Ajaccio;41.90893,8.71913
Ancienne usine Alban;architecture industrielle;http://www.culture.gouv.fr/public/mistral/merimee_fr?ACTION=CHERCHER&FIELD_1=REF&VALUE_1=PA00099142;inscription le 27/10/1992;Partiellement inscrit;société privée;2019-12-05;2A;Ajaccio;41.92884,8.73864
Immeuble de l'appartement Baciocchi;architecture domestique;http://www.culture.gouv.fr/public/mistral/merimee_fr?ACTION=CHERCHER&FIELD_1=REF&VALUE_1=PA00099141;inscription le 27/10/1992;Partiellement inscrit;personne privée physique;2019-12-05;2A;Ajaccio;41.91831,8.73899
Eglise paroissiale Saint-Georges;architecture religieuse;http://www.culture.gouv.fr/public/mistral/merimee_fr?ACTION=CHERCHER&FIELD_1=REF&VALUE_1=PA00099105;"inscription conservatoire le 13/02/1989 ; classement le 05/07/1979";Partiellement Classé-Inscrit;commune;2019-12-05;2A;Quenza;41.76545,9.13811
Maison Peraldi;architecture domestique;http://www.culture.gouv.fr/public/mistral/merimee_fr?ACTION=CHERCHER&FIELD_1=REF&VALUE_1=PA00099067;"inscription le 06/09/1985 ; classement le 05/07/1993";Partiellement Classé-Inscrit;"personne privée physique ; société privée";2019-12-05;2A;Ajaccio;41.91675,8.73837
Eglise paroissiale Sainte Marie;architecture religieuse;http://www.culture.gouv.fr/public/mistral/merimee_fr?ACTION=CHERCHER&FIELD_1=REF&VALUE_1=PA00099116;inscription le 06/09/1985;Inscrit;commune;2019-12-05;2A;Sartène;41.62132,8.97222
Clinique chirurgicale Grandval (ancien château Conti);architecture domestique;http://www.culture.gouv.fr/public/mistral/merimee_fr?ACTION=CHERCHER&FIELD_1=REF&VALUE_1=PA00099063;inscription le 28/12/1984;Partiellement inscrit;personne privée physique;2019-12-05;2A;Ajaccio;41.91829,8.73181
Cathédrale Notre-Dame;architecture religieuse;http://www.culture.gouv.fr/public/mistral/merimee_fr?ACTION=CHERCHER&FIELD_1=REF&VALUE_1=PA00099058;classement le 30/10/1906;Classé;région;2019-12-05;2A;Ajaccio;41.9174,8.73789
Couvent Saint- François d'Istria;architecture religieuse;http://www.culture.gouv.fr/public/mistral/merimee_fr?ACTION=CHERCHER&FIELD_1=REF&VALUE_1=PA00125387;inscription le 23/06/1993;Partiellement inscrit;personne privée physique;2019-12-05;2A;Petreto-Bicchisano;41.78722,8.98048
Ancien couvent Saint-François;architecture religieuse;http://www.culture.gouv.fr/public/mistral/merimee_fr?ACTION=CHERCHER&FIELD_1=REF&VALUE_1=PA00099078;"inscription le 31/12/1976 ; classement le 31/12/1976";Partiellement Classé-Inscrit;;2019-12-05;2A;Bonifacio;41.38634,9.15031
Lazaret d'Aspretto;architecture hospitalière - d'assistance - de protection sociale;http://www.culture.gouv.fr/public/mistral/merimee_fr?ACTION=CHERCHER&FIELD_1=REF&VALUE_1=PA00099064;inscription le 16/03/1977;Partiellement inscrit;société privée;2019-12-05;2A;Ajaccio;41.9282,8.75882
Orangeraie de Portiglio;;http://www.culture.gouv.fr/public/mistral/merimee_fr?ACTION=CHERCHER&FIELD_1=REF&VALUE_1=PA2A000016;inscription le 12/10/2016;Inscrit;commune;2019-12-05;2A;Coti-Chiavari;41.79057,8.7464
"Alignement de menhirs de ""Pagliajo""";site archéologique;http://www.culture.gouv.fr/public/mistral/merimee_fr?ACTION=CHERCHER&FIELD_1=REF&VALUE_1=PA00099118;classement le 23/10/1974;Classé;personne privée physique;2019-12-05;2A;Sartène;41.55659,8.88828
Eglise Saint-André;architecture religieuse;http://www.culture.gouv.fr/public/mistral/merimee_fr?ACTION=CHERCHER&FIELD_1=REF&VALUE_1=PA00099225;"classement le 06/04/1987 ; inscription le 06/04/1987";Partiellement Classé-Inscrit;commune;2019-12-11;2B;Omessa;42.3701,9.19836
Pont génois;génie civil;http://www.culture.gouv.fr/public/mistral/merimee_fr?ACTION=CHERCHER&FIELD_1=REF&VALUE_1=PA00099156;inscription le 05/12/1984;Inscrit;commune;2019-12-11;2B;Asco;42.44663,9.03133
Tour Saint Jean;architecture domestique;http://www.culture.gouv.fr/public/mistral/merimee_fr?ACTION=CHERCHER&FIELD_1=REF&VALUE_1=PA00099266;inscription le 30/01/1990;Partiellement Inscrit;personne privée physique;2019-12-11;2B;Morsiglia;42.94525,9.36651
Tour de Furiani;architecture militaire;http://www.culture.gouv.fr/public/mistral/merimee_fr?ACTION=CHERCHER&FIELD_1=REF&VALUE_1=PA00099199;inscription le 29/07/1987;Inscrit;commune;2019-12-11;2B;Furiani;42.65846,9.41455
Tour au centre du village;architecture militaire;http://www.culture.gouv.fr/public/mistral/merimee_fr?ACTION=CHERCHER&FIELD_1=REF&VALUE_1=PA00099240;inscription le 04/11/1935;Inscrit;privé;2019-12-11;2B;Rogliano;42.95498,9.41887
Eglise Saint-Michel;architecture religieuse;http://www.culture.gouv.fr/public/mistral/merimee_fr?ACTION=CHERCHER&FIELD_1=REF&VALUE_1=PA00099186;classement le 15/03/1993;Classé;commune;2019-12-11;2B;Castirla;42.37235,9.14726
Tour d'Erbalunga;architecture militaire;http://www.culture.gouv.fr/public/mistral/merimee_fr?ACTION=CHERCHER&FIELD_1=REF&VALUE_1=PA00135319;inscription le 24/01/1995;Inscrit;région;2019-12-11;2B;Brando;42.77362,9.47697
Tour de la Giraglia;architecture militaire;http://www.culture.gouv.fr/public/mistral/merimee_fr?ACTION=CHERCHER&FIELD_1=REF&VALUE_1=PA2B000015;inscription le 11/02/2008;Inscrit;État Ministère autre que Ministère de la Culture et de la Communication;2019-12-11;2B;Ersa;43.02707,9.40539
Chapelle Sainte-Croix;;http://www.culture.gouv.fr/public/mistral/merimee_fr?ACTION=CHERCHER&FIELD_1=REF&VALUE_1=PA2B000034;inscription le 12/10/2016;Inscrit;commune;2019-12-11;2B;Poggio-d'Oletta;42.63993,9.36004
Maison natale de Pasquale Paoli;architecture domestique;http://www.culture.gouv.fr/public/mistral/merimee_fr?ACTION=CHERCHER&FIELD_1=REF&VALUE_1=PA00099215;inscription le 28/04/1975;Inscrit;département;2019-12-11;2B;Morosaglia;42.43773,9.30885
Glacière dite Nivera Nuova;;http://www.culture.gouv.fr/public/mistral/merimee_fr?ACTION=CHERCHER&FIELD_98=REF&VALUE_98=PA2B000040;inscription le 09/01/2018;Inscrit;personne privée physique;2020-01-10;2B;Ville-di-Pietrabugno;42.72392,9.41865
Eglise Notre-Dame-du-Mont-Carmel de Stoppianova;architecture religieuse;http://www.culture.gouv.fr/public/mistral/merimee_fr?ACTION=CHERCHER&FIELD_1=REF&VALUE_1=PA00099236;classement le 19/11/1976;Classé;commune;2019-12-11;2B;Quercitello;42.43084,9.33982
Immeuble Gaffory;architecture domestique;http://www.culture.gouv.fr/public/mistral/merimee_fr?ACTION=CHERCHER&FIELD_1=REF&VALUE_1=PA00135324;inscription le 24/01/1995;Partiellement Inscrit;personne privée physique;2019-12-11;2B;Corte;42.30519,9.14973
Château Fantauzzi;architecture domestique;http://www.culture.gouv.fr/public/mistral/merimee_fr?ACTION=CHERCHER&FIELD_1=REF&VALUE_1=PA2B000022;inscription conservatoire le 04/05/2011;Partiellement Inscrit;personne privée physique;2019-12-11;2B;Morsiglia;42.94774,9.36613
Eglise paroissiale Saint-François-Xavier;architecture religieuse;http://www.culture.gouv.fr/public/mistral/merimee_fr?ACTION=CHERCHER&FIELD_1=REF&VALUE_1=PA00099214;classement le 14/12/1992;Classé;commune;2019-12-11;2B;Monticello;42.61266,8.96167
Eglise Saint-Michel;architecture religieuse;http://www.culture.gouv.fr/public/mistral/merimee_fr?ACTION=CHERCHER&FIELD_1=REF&VALUE_1=PA00132606;inscription le 22/04/1994;Inscrit;commune;2019-12-11;2B;Lucciana;42.54626,9.41756
Oratoire Saint-Antoine;architecture religieuse;http://www.culture.gouv.fr/public/mistral/merimee_fr?ACTION=CHERCHER&FIELD_1=REF&VALUE_1=PA00099174;classement le 15/07/1976;Classé;commune;2019-12-11;2B;Calvi;42.56771,8.76065
Maison Castagnola;architecture domestique;http://www.culture.gouv.fr/public/mistral/merimee_fr?ACTION=CHERCHER&FIELD_1=REF&VALUE_1=PA00125389;inscription le 23/06/1993;Partiellement Inscrit;personne privée physique;2019-12-11;2B;Bastia;42.69646,9.44957
Ancien couvent Sainte-Catherine;architecture religieuse;http://www.culture.gouv.fr/public/mistral/merimee_fr?ACTION=CHERCHER&FIELD_1=REF&VALUE_1=PA00099249;"classement le 07/03/1957 ; inscription le 07/03/1957";Partiellement Classé-Inscrit;"commune ; personne privée physique";2019-12-11;2B;Sisco;42.81741,9.48654
Ancien couvent d'Oveglia;architecture religieuse;http://www.culture.gouv.fr/public/mistral/merimee_fr?ACTION=CHERCHER&FIELD_1=REF&VALUE_1=PA00099263;"inscription le 25/04/1990 ; inscription le 30/01/1990";Inscrit;commune;2019-12-11;2B;Cagnano;42.88544,9.42361
Eglise Santa Maria Assunta;architecture religieuse;http://www.culture.gouv.fr/public/mistral/merimee_fr?ACTION=CHERCHER&FIELD_1=REF&VALUE_1=PA00135321;inscription le 24/01/1995;Inscrit;commune;2019-12-11;2B;Canari;42.84491,9.33066
Eglise de l'Assomption dite de la Canonica;architecture religieuse;http://www.culture.gouv.fr/public/mistral/merimee_fr?ACTION=CHERCHER&FIELD_1=REF&VALUE_1=PA00099209;classement le 12/07/1886;Classé;commune;2019-12-11;2B;Lucciana;42.53932,9.49545
Eglise de la Conception;architecture religieuse;http://www.culture.gouv.fr/public/mistral/merimee_fr?ACTION=CHERCHER&FIELD_1=REF&VALUE_1=PA00099159;classement le 03/02/2000;Classé;commune;2019-12-11;2B;Bastia;42.69744,9.4501
Eglise Saint-Pierre et Saint-Paul;architecture religieuse;http://www.culture.gouv.fr/public/mistral/merimee_fr?ACTION=CHERCHER&FIELD_1=REF&VALUE_1=PA00099177;classement le 28/12/1984;Classé;commune;2019-12-11;2B;Campile;42.49244,9.35664
Eglise Saint Erasme de Cervione et son clocher isolé;architecture religieuse;http://www.culture.gouv.fr/public/mistral/merimee_fr?ACTION=CHERCHER&FIELD_1=REF&VALUE_1=PA00099188;classement le 27/06/1928;Classé;commune;2019-12-11;2B;Cervione;42.33131,9.49152
Eglise Saint-Pierre Saint-Paul;architecture religieuse;http://www.culture.gouv.fr/public/mistral/merimee_fr?ACTION=CHERCHER&FIELD_1=REF&VALUE_1=PA00099230;classement le 12/10/1976;Classé;commune;2019-12-11;2B;Piedicroce;42.37628,9.36773
Eglise paroissiale Saint-Pierre de Piazza et son clocher;architecture religieuse;http://www.culture.gouv.fr/public/mistral/merimee_fr?ACTION=CHERCHER&FIELD_1=REF&VALUE_1=PA00099271;inscription le 02/08/1990;Inscrit;commune;2019-12-11;2B;Luri;42.89696,9.40435
Eglise Saint-Jean et chapelle des Pénitents de la Sainte-Croix;architecture religieuse;http://www.culture.gouv.fr/public/mistral/merimee_fr?ACTION=CHERCHER&FIELD_1=REF&VALUE_1=PA00099273;inscription le 02/08/1990;Inscrit;commune;2019-12-11;2B;Santo-Pietro-di-Tenda;42.60482,9.26084
Chapelle de la confrérie Sainte-Croix;;http://www.culture.gouv.fr/public/mistral/merimee_fr?ACTION=CHERCHER&FIELD_1=REF&VALUE_1=PA2B000035;classement le 13/01/2017;Classé;commune;2019-12-11;2B;Poggio-Marinaccio;42.43405,9.35363
Ancien Couvent de Tuani;architecture religieuse;http://www.culture.gouv.fr/public/mistral/merimee_fr?ACTION=CHERCHER&FIELD_1=REF&VALUE_1=PA00099196;inscription le 30/03/1978;Partiellement Inscrit;commune;2019-12-11;2B;Costa;42.57173,8.99604
Centre paroissial Notre-Dame-des-Victoires;architecture religieuse;http://www.culture.gouv.fr/public/mistral/merimee_fr?ACTION=CHERCHER&FIELD_1=REF&VALUE_1=PA2B000013;inscription le 08/02/2008;Inscrit;association cultuelle;2019-12-11;2B;Bastia;42.68079,9.44131
Couvent Saint-François de Zuani;architecture religieuse;http://www.culture.gouv.fr/public/mistral/merimee_fr?ACTION=CHERCHER&FIELD_1=REF&VALUE_1=PA2B000011;inscription le 28/02/2008;Partiellement Inscrit;société privée;2019-12-11;2B;Ampriani;42.2603,9.35555
Maison Bertola;;;inscription le 06/08/2019;Inscrit;copropriété;2019-12-11;2B;Lama;42.57637,9.17217
Phare de la Giraglia;génie civil;http://www.culture.gouv.fr/public/mistral/merimee_fr?ACTION=CHERCHER&FIELD_1=REF&VALUE_1=PA2B000014;"classement le 19/04/2011 ; inscription conservatoire le 11/02/2008";Classé;État Ministère autre que Ministère de la Culture et de la Communication;2019-12-11;2B;Ersa;43.02666,9.40551
Casa Strenna;architecture domestique;http://www.culture.gouv.fr/public/mistral/merimee_fr?ACTION=CHERCHER&FIELD_1=REF&VALUE_1=PA2B000020;inscription le 27/01/2011;Inscrit;personne privée physique;2019-12-11;2B;Ersa;42.97484,9.37834
Ensemble constitué de la rampe Saint-Charles, de l'escalier et du jardin Romieu;;http://www.culture.gouv.fr/public/mistral/merimee_fr?ACTION=CHERCHER&FIELD_1=REF&VALUE_1=PA2B001277;inscription le 20/11/2017;Inscrit;commune;2019-12-11;2B;Bastia;42.6942,9.45122
Palais de Justice;architecture de l'administration ou de la vie publique;http://www.culture.gouv.fr/public/mistral/merimee_fr?ACTION=CHERCHER&FIELD_1=REF&VALUE_1=PA00099163;"inscription le 05/07/1979 ; inscription le 04/08/1992";Partiellement Inscrit;"commune ; État Ministère autre que Ministère de la Culture et de la Communication";2019-12-11;2B;Bastia;42.69526,9.44608
Rempart de la Citadelle et sa tour Sel;architecture militaire;http://www.culture.gouv.fr/public/mistral/merimee_fr?ACTION=CHERCHER&FIELD_1=REF&VALUE_1=PA00099175;classement le 23/08/1990;Classé;commune;2019-12-11;2B;Calvi;42.5684,8.76043
Citadelle et palais du Gouverneur;architecture de l'administration ou de la vie publique;http://www.culture.gouv.fr/public/mistral/merimee_fr?ACTION=CHERCHER&FIELD_1=REF&VALUE_1=PA00099158;"inscription le 04/11/1935 ; classement le 14/01/1977";Partiellement Classé-Inscrit;;2019-12-11;2B;Bastia;42.69276,9.45173
Site archéologique du Monte Revincu;;http://www.culture.gouv.fr/public/mistral/merimee_fr?ACTION=CHERCHER&FIELD_1=REF&VALUE_1=PA2B000037;inscription le 06/04/2016;Inscrit;"établissement public de l'État ; commune";2019-12-11;2B;Santo-Pietro-di-Tenda;42.66912,9.26096
Figure antique d'Appriciani;site archéologique;http://www.culture.gouv.fr/public/mistral/merimee_fr?ACTION=CHERCHER&FIELD_1=REF&VALUE_1=PA00099122;classement le 01/01/1840;Classé;personne privée physique;2019-12-05;2A;Vico;42.16409,8.78785
Chapelle Saint-Jean-Baptiste de Pruno;architecture religieuse;http://www.culture.gouv.fr/public/mistral/merimee_fr?ACTION=CHERCHER&FIELD_1=REF&VALUE_1=PA00099091;classement le 19/07/1977;Partiellement Classé;commune;2019-12-05;2A;Figari;41.53012,9.14933
Ruines de la maison Sampiero Corso;architecture domestique;http://www.culture.gouv.fr/public/mistral/merimee_fr?ACTION=CHERCHER&FIELD_1=REF&VALUE_1=PA2A000011;inscription le 25/06/2012;Inscrit;département;2019-12-05;2A;Santa-Maria-Siché;41.87329,8.98101
Tour du Capitello;architecture militaire;http://www.culture.gouv.fr/public/mistral/merimee_fr?ACTION=CHERCHER&FIELD_1=REF&VALUE_1=PA00099137;inscription le 08/03/1991;Inscrit;département;2019-12-05;2A;Grosseto-Prugna;41.90429,8.79907
"Ancienne chapelle à ""Arca"" (Chapelle funéraire collective)";architecture religieuse;http://www.culture.gouv.fr/public/mistral/merimee_fr?ACTION=CHERCHER&FIELD_1=REF&VALUE_1=PA00099124;classement le 11/05/1981;Classé;commune;2019-12-05;2A;Zévaco;41.89069,9.04883
"Chapelle Sainte Lucie, anciennement dite ""Santa Maria Assunta""";architecture religieuse;http://www.culture.gouv.fr/public/mistral/merimee_fr?ACTION=CHERCHER&FIELD_1=REF&VALUE_1=PA00099108;inscription conservatoire le 13/02/1989;Inscrit;commune;2019-12-05;2A;Santa-Maria-Siché;41.87487,8.97669
Eglise paroissiale Saint-Spiridon;architecture religieuse;http://www.culture.gouv.fr/public/mistral/merimee_fr?ACTION=CHERCHER&FIELD_1=REF&VALUE_1=PA00099088;classement le 30/06/1990;Classé;commune;2019-12-05;2A;Cargèse;42.13357,8.5949
Hôtel Palace-Cyrnos;architecture domestique;http://www.culture.gouv.fr/public/mistral/merimee_fr?ACTION=CHERCHER&FIELD_1=REF&VALUE_1=PA00099135;inscription le 12/11/1990;Partiellement inscrit;copropriété;2019-12-05;2A;Ajaccio;41.91709,8.7287
Ancien couvent Saint-Julien;architecture religieuse;http://www.culture.gouv.fr/public/mistral/merimee_fr?ACTION=CHERCHER&FIELD_1=REF&VALUE_1=PA00099079;inscription le 28/08/1974;Partiellement inscrit;personne privée physique;2019-12-05;2A;Bonifacio;41.38908,9.18308
Fortin de Tizzano;architecture militaire;http://www.culture.gouv.fr/public/mistral/merimee_fr?ACTION=CHERCHER&FIELD_1=REF&VALUE_1=PA00099117;inscription le 06/09/1985;Inscrit;personne privée physique;2019-12-05;2A;Sartène;41.54225,8.8468
Abri Préhistorique d'Araguina-Sennola;site archéologique;http://www.culture.gouv.fr/public/mistral/merimee_fr?ACTION=CHERCHER&FIELD_1=REF&VALUE_1=PA00099076;classement le 01/09/1988;Classé;commune;2019-12-05;2A;Bonifacio;41.39208,9.16562
"Deux cimetières militaires et la stèle commémorant le naufrage de la ""Semillante"" aux Iles Lavezzi";architecture funéraire - commémorative - votive;http://www.culture.gouv.fr/public/mistral/merimee_fr?ACTION=CHERCHER&FIELD_1=REF&VALUE_1=PA00099080;classement le 08/03/1983;Classé;État Ministère autre que Ministère de la Culture et de la Communication;2019-12-05;2A;Bonifacio;41.33905,9.25375
Palais Fesch;architecture religieuse;http://www.culture.gouv.fr/public/mistral/merimee_fr?ACTION=CHERCHER&FIELD_1=REF&VALUE_1=PA00099071;"classement le 02/11/1976 ; inscription le 22/06/2017 ; classement le 22/07/1924 ; classement le 13/09/2011 ; inscription conservatoire le 21/04/2009";Partiellement Classé-Inscrit;"État français ; commune";2019-12-05;2A;Ajaccio;41.92193,8.73887
Castello de Contorba;site archéologique;http://www.culture.gouv.fr/public/mistral/merimee_fr?ACTION=CHERCHER&FIELD_1=REF&VALUE_1=PA2A000007;inscription le 30/03/2010;Inscrit;"commune ; personne privée physique";2019-12-05;2A;Olmeto;41.70446,8.8642
Domaine et maison des Milelli | Domaine des Milelli;architecture de jardin;;inscription le 12/07/2017;Inscrit;commune;2019-12-05;2A;Ajaccio;41.93742,8.71945
Dolmen du Monte Revinco;site archéologique;http://www.culture.gouv.fr/public/mistral/merimee_fr?ACTION=CHERCHER&FIELD_1=REF&VALUE_1=PA00099247;classement le 01/01/1889;Classé;établissement public de l'État;2019-12-11;2B;Santo-Pietro-di-Tenda;42.67042,9.2571
Ancienne Eglise Saint Jean L'Evangeliste;architecture religieuse;http://www.culture.gouv.fr/public/mistral/merimee_fr?ACTION=CHERCHER&FIELD_1=REF&VALUE_1=PA00099250;inscription le 15/07/1976;Inscrit;commune;2019-12-11;2B;Sorbo-Ocagnano;42.47832,9.45917
Ancienne chapelle San Lorenzo;architecture religieuse;http://www.culture.gouv.fr/public/mistral/merimee_fr?ACTION=CHERCHER&FIELD_1=REF&VALUE_1=PA00135326;classement le 30/01/1995;Classé;personne privée physique;2019-12-11;2B;Lama;42.57965,9.15305
Maison Sebastiani-Conneau | chapelle funéraire;;;inscription le 08/02/2008;Inscrit;personne privée physique;2019-12-11;2B;Porta;42.42291,9.35215
Chapelle Saint-Laurent;architecture religieuse;http://www.culture.gouv.fr/public/mistral/merimee_fr?ACTION=CHERCHER&FIELD_1=REF&VALUE_1=PA00099232;classement le 02/12/1986;Classé;personne privée physique;2019-12-11;2B;Pietroso;42.15979,9.27159
Chapelle Santa Maria;architecture religieuse;http://www.culture.gouv.fr/public/mistral/merimee_fr?ACTION=CHERCHER&FIELD_1=REF&VALUE_1=PA2B000018;classement le 27/03/2013;Classé;commune;2019-12-11;2B;Cambia;42.37408,9.29042
Tour de Losso;architecture militaire;http://www.culture.gouv.fr/public/mistral/merimee_fr?ACTION=CHERCHER&FIELD_1=REF&VALUE_1=PA00099168;inscription le 17/12/1926;Inscrit;association;2019-12-11;2B;Cagnano;42.86111,9.48091
Eglise Sainte Marguerite;architecture religieuse;http://www.culture.gouv.fr/public/mistral/merimee_fr?ACTION=CHERCHER&FIELD_1=REF&VALUE_1=PA00099251;classement le 24/09/1936;Classé;commune;2019-12-11;2B;Sorio;42.5833,9.27905
Chapelle Santa Maria Assunta;architecture religieuse;http://www.culture.gouv.fr/public/mistral/merimee_fr?ACTION=CHERCHER&FIELD_1=REF&VALUE_1=PA00099282;classement le 16/10/1992;Classé;commune;2019-12-11;2B;Furiani;42.64552,9.40374
Chapelle Notre Dame-des-Neiges;architecture religieuse;http://www.culture.gouv.fr/public/mistral/merimee_fr?ACTION=CHERCHER&FIELD_1=REF&VALUE_1=PA00099166;classement le 06/10/1976;Classé;commune;2019-12-11;2B;Brando;42.77827,9.46052
Maison-tour du hameau de Poggio;architecture militaire;http://www.culture.gouv.fr/public/mistral/merimee_fr?ACTION=CHERCHER&FIELD_1=REF&VALUE_1=PA2B000009;inscription le 09/01/2007;Partiellement Inscrit;personne privée physique;2019-12-11;2B;Ersa;42.98277,9.37274
Chapelle Sainte-Croix;architecture religieuse;http://www.culture.gouv.fr/public/mistral/merimee_fr?ACTION=CHERCHER&FIELD_1=REF&VALUE_1=PA00099191;inscription le 06/09/1985;Inscrit;commune;2019-12-11;2B;Corte;42.30665,9.14973
Eglise de la Sainte-Trinité;architecture religieuse;http://www.culture.gouv.fr/public/mistral/merimee_fr?ACTION=CHERCHER&FIELD_1=REF&VALUE_1=PA00099155;classement le 11/08/1883;Classé;commune;2019-12-11;2B;Aregno;42.58235,8.89762
Eglise Santa Maria a Arca et ses fresques;architecture religieuse;http://www.culture.gouv.fr/public/mistral/merimee_fr?ACTION=CHERCHER&FIELD_1=REF&VALUE_1=PA00099276;classement le 16/10/1992;Classé;commune;2019-12-11;2B;Muracciole;42.17365,9.18332
Chapelle San Rinieru (Saint-Rainier);architecture religieuse;http://www.culture.gouv.fr/public/mistral/merimee_fr?ACTION=CHERCHER&FIELD_1=REF&VALUE_1=PA00099212;classement le 15/05/1930;Classé;commune;2019-12-11;2B;Montegrosso;42.54558,8.87929
Eglise Notre-Dame de Montserrato;architecture religieuse;http://www.culture.gouv.fr/public/mistral/merimee_fr?ACTION=CHERCHER&FIELD_1=REF&VALUE_1=PA00135318;inscription le 24/01/1995;Inscrit;commune;2019-12-11;2B;Bastia;42.69066,9.43811
Ancienne chapelle San Parteo;architecture religieuse;http://www.culture.gouv.fr/public/mistral/merimee_fr?ACTION=CHERCHER&FIELD_1=REF&VALUE_1=PA00099207;classement le 12/07/1886;Classé;commune;2019-12-11;2B;Lucciana;42.53814,9.48893
Eglise paroissiale Santa Lucia;architecture religieuse;http://www.culture.gouv.fr/public/mistral/merimee_fr?ACTION=CHERCHER&FIELD_1=REF&VALUE_1=PA00099252;inscription le 15/01/1987;Inscrit;commune;2019-12-11;2B;Talasani;42.40822,9.48034
Immeuble rue du colonel Feracci;architecture domestique;http://www.culture.gouv.fr/public/mistral/merimee_fr?ACTION=CHERCHER&FIELD_1=REF&VALUE_1=PA00135325;inscription le 24/01/1995;Partiellement Inscrit;personne privée physique;2019-12-11;2B;Corte;42.30614,9.14982
Eglise Saint-André;architecture religieuse;http://www.culture.gouv.fr/public/mistral/merimee_fr?ACTION=CHERCHER&FIELD_1=REF&VALUE_1=PA00099225;"classement le 06/04/1987 ; inscription le 06/04/1987";Partiellement Classé-Inscrit;commune;2019-12-11;2B;Omessa;42.37009,9.19825
Eglise Saint Jean-Baptiste;architecture religieuse;http://www.culture.gouv.fr/public/mistral/merimee_fr?ACTION=CHERCHER&FIELD_1=REF&VALUE_1=PA00099253;inscription le 02/11/1976;Inscrit;commune;2019-12-11;2B;Tox;42.2509,9.43017
A vaccaghja (enclos);architecture agricole;http://www.culture.gouv.fr/public/mistral/merimee_fr?ACTION=CHERCHER&FIELD_1=REF&VALUE_1=PA00099270;inscription le 07/03/1990;Inscrit;personne privée physique;2019-12-11;2B;Pigna;42.59998,8.90305
Eglise paroissiale Saint-Pancrace;architecture religieuse;http://www.culture.gouv.fr/public/mistral/merimee_fr?ACTION=CHERCHER&FIELD_1=REF&VALUE_1=PA00099182;inscription le 02/12/1926;Inscrit;commune;2019-12-11;2B;Castellare-di-Casinca;42.471,9.48618
Marché couvert;architecture commerciale;http://www.culture.gouv.fr/public/mistral/merimee_fr?ACTION=CHERCHER&FIELD_1=REF&VALUE_1=PA00099203;classement le 05/01/1993;Classé;commune;2019-12-11;2B;Île-Rousse;42.6349,8.93833
Palazzu Naziunale (Palais National);architecture de l'administration ou de la vie publique;http://www.culture.gouv.fr/public/mistral/merimee_fr?ACTION=CHERCHER&FIELD_1=REF&VALUE_1=PA00099195;inscription le 28/04/1975;Inscrit;commune;2019-12-11;2B;Corte;42.30503,9.14921
Eglise paroissiale Sainte-Julie;architecture religieuse;http://www.culture.gouv.fr/public/mistral/merimee_fr?ACTION=CHERCHER&FIELD_1=REF&VALUE_1=PA00099218;inscription le 06/12/1984;Inscrit;commune;2019-12-11;2B;Nonza;42.78492,9.34516
Ancienne cathédrale du Nebbio;architecture religieuse;http://www.culture.gouv.fr/public/mistral/merimee_fr?ACTION=CHERCHER&FIELD_1=REF&VALUE_1=PA00099241;classement le 01/01/1875;Classé;commune;2019-12-11;2B;Saint-Florent;42.67991,9.31107
Immeuble 1, cours Paoli;architecture domestique;http://www.culture.gouv.fr/public/mistral/merimee_fr?ACTION=CHERCHER&FIELD_1=REF&VALUE_1=PA00135323;inscription le 24/01/1995;Partiellement Inscrit;personne privée physique;2019-12-11;2B;Corte;42.30571,9.15082
Eglise Saint-Jean-Baptiste;architecture religieuse;http://www.culture.gouv.fr/public/mistral/merimee_fr?ACTION=CHERCHER&FIELD_1=REF&VALUE_1=PA00099234;classement le 18/02/1975;Classé;commune;2019-12-11;2B;Porta;42.42317,9.3529
Chapelle de confrérie Sainte-Croix;architecture religieuse;http://www.culture.gouv.fr/public/mistral/merimee_fr?ACTION=CHERCHER&FIELD_1=REF&VALUE_1=PA00099169;inscription le 02/03/1981;Inscrit;commune;2019-12-11;2B;Calenzana;42.50805,8.85503
Eglise Paroissiale Saint-Jean et chapelle de confrérie;architecture religieuse;http://www.culture.gouv.fr/public/mistral/merimee_fr?ACTION=CHERCHER&FIELD_1=REF&VALUE_1=PA00099242;"classement le 08/06/1989 ; inscription le 08/06/1989";Partiellement Classé-Inscrit;commune;2019-12-11;2B;San-Giovanni-di-Moriani;42.37754,9.47687
Eglise Sainte-Marie-Majeure;architecture religieuse;http://www.culture.gouv.fr/public/mistral/merimee_fr?ACTION=CHERCHER&FIELD_1=REF&VALUE_1=PA00099172;classement le 05/12/1988;Classé;commune;2019-12-11;2B;Calvi;42.5667,8.75751
Chapelle de l'ancien couvent Saint François;architecture religieuse;http://www.culture.gouv.fr/public/mistral/merimee_fr?ACTION=CHERCHER&FIELD_1=REF&VALUE_1=PA00099222;inscription le 29/11/1974;Inscrit;privé;2019-12-11;2B;Oletta;42.63704,9.34789
Ensemble paroissial Saint-Cyprien;architecture religieuse;http://www.culture.gouv.fr/public/mistral/merimee_fr?ACTION=CHERCHER&FIELD_1=REF&VALUE_1=PA2B000002;inscription le 09/07/1996;Inscrit;commune;2019-12-11;2B;Morsiglia;42.94078,9.3688
Château-fort;architecture militaire;http://www.culture.gouv.fr/public/mistral/merimee_fr?ACTION=CHERCHER&FIELD_1=REF&VALUE_1=PA00099152;inscription le 15/07/1965;Inscrit;;2019-12-11;2B;Algajola;42.60939,8.8623
Eglise paroissiale Saint-Thomas;architecture religieuse;http://www.culture.gouv.fr/public/mistral/merimee_fr?ACTION=CHERCHER&FIELD_1=REF&VALUE_1=PA00099164;inscription le 15/01/1987;Inscrit;commune;2019-12-11;2B;Belgodère;42.58618,9.01764
Château Cagninacci;architecture domestique;http://www.culture.gouv.fr/public/mistral/merimee_fr?ACTION=CHERCHER&FIELD_1=REF&VALUE_1=PA00099280;inscription le 08/03/1991;Partiellement Inscrit;personne privée physique;2019-12-11;2B;San-Martino-di-Lota;42.7381,9.43268
Boutique Mattei;;http://www.culture.gouv.fr/public/mistral/merimee_fr?ACTION=CHERCHER&FIELD_1=REF&VALUE_1=PA2B000029;inscription le 12/10/2016;Partiellement inscrit;;2019-12-11;2B;Bastia;42.70146,9.45071
Eglise Saint Blaise;architecture religieuse;http://www.culture.gouv.fr/public/mistral/merimee_fr?ACTION=CHERCHER&FIELD_1=REF&VALUE_1=PA00099170;classement le 02/03/1981;Classé;commune;2019-12-11;2B;Calenzana;42.50836,8.85578
Eglise de l'ancien couvent de Caccia;architecture religieuse;http://www.culture.gouv.fr/public/mistral/merimee_fr?ACTION=CHERCHER&FIELD_1=REF&VALUE_1=PA00099185;classement le 28/05/1979;Classé;commune;2019-12-11;2B;Castifao;42.4967,9.11607
Couvent Saint-François de Campoloro;architecture religieuse;http://www.culture.gouv.fr/public/mistral/merimee_fr?ACTION=CHERCHER&FIELD_1=REF&VALUE_1=PA00135322;inscription le 24/01/1995;Inscrit;commune;2019-12-11;2B;Cervione;42.32304,9.49193
Chapelle Saint-Jacques-le-Majeur, ermitage, ossuaire et campo santo;;http://www.culture.gouv.fr/public/mistral/merimee_fr?ACTION=CHERCHER&FIELD_1=REF&VALUE_1=PA2B000031;inscription le 06/04/2016;Inscrit;commune;2019-12-11;2B;Muro;42.55387,8.91238
Eglise Sainte-Restitude et son enclos;architecture religieuse;http://www.culture.gouv.fr/public/mistral/merimee_fr?ACTION=CHERCHER&FIELD_1=REF&VALUE_1=PA00099274;inscription le 02/08/1990;Inscrit;commune;2019-12-11;2B;Calenzana;42.514,8.86517
Couvent Saint-Dominique;architecture religieuse;http://www.culture.gouv.fr/public/mistral/merimee_fr?ACTION=CHERCHER&FIELD_1=REF&VALUE_1=PA2B000019;inscription le 28/01/2011;Inscrit;association;2019-12-11;2B;Corbara;42.60308,8.91221
Ancienne chapelle Sainte-Marie et ancienne résidence de l'évêque d'Accia | Ruines de l'ancienne chapelle Sainte-Marie;architecture religieuse;http://www.culture.gouv.fr/public/mistral/merimee_fr?ACTION=CHERCHER&FIELD_1=REF&VALUE_1=PA00099180;classement le 20/02/1980;Classé;;2019-12-11;2B;Casalta;42.43724,9.40902
Thermes romains de Santa Laurina;site archéologique;http://www.culture.gouv.fr/public/mistral/merimee_fr?ACTION=CHERCHER&FIELD_1=REF&VALUE_1=PA2B000005;inscription le 23/01/2007;Inscrit;personne privée physique;2019-12-11;2B;Aléria;42.10564,9.51634
Grotte de la Coscia;site archéologique;http://www.culture.gouv.fr/public/mistral/merimee_fr?ACTION=CHERCHER&FIELD_1=REF&VALUE_1=PA2B000010;classement le 26/06/2007;Classé;personne privée physique;2019-12-11;2B;Rogliano;42.96609,9.45614
Site gallo-romain de Mariana;site archéologique;http://www.culture.gouv.fr/public/mistral/merimee_fr?ACTION=CHERCHER&FIELD_98=REF&VALUE_98=PA00099208;classement le 27/06/1991;Classé;commune;2020-01-10;2B;Lucciana;42.53962,9.49645
Eglise paroissiale Saint-Nicolas;architecture religieuse;http://www.culture.gouv.fr/public/mistral/merimee_fr?ACTION=CHERCHER&FIELD_1=REF&VALUE_1=PA00099129;inscription le 30/01/1990;Partiellement inscrit;commune;2019-12-05;2A;Aullène;41.76897,9.07943
Ancienne chapelle San-Agostino de Chera;architecture religieuse;http://www.culture.gouv.fr/public/mistral/merimee_fr?ACTION=CHERCHER&FIELD_1=REF&VALUE_1=PA00099121;classement le 06/02/1980;Classé;personne privée physique;2019-12-05;2A;Sotta;41.50073,9.18998
Escalier du Roi d'Aragon;génie civil;http://www.culture.gouv.fr/public/mistral/merimee_fr?ACTION=CHERCHER&FIELD_1=REF&VALUE_1=PA00132600;inscription conservatoire le 22/04/1994;Inscrit;département;2019-12-05;2A;Bonifacio;41.38628,9.15646
Tour de Roccapina;architecture militaire;http://www.culture.gouv.fr/public/mistral/merimee_fr?ACTION=CHERCHER&FIELD_1=REF&VALUE_1=PA00132604;inscription conservatoire le 29/07/1994;Inscrit;commune;2019-12-05;2A;Sartène;41.49556,8.92874
Tour de Figari;architecture militaire;http://www.culture.gouv.fr/public/mistral/merimee_fr?ACTION=CHERCHER&FIELD_1=REF&VALUE_1=PA00135316;inscription le 24/01/1995;Inscrit;commune;2019-12-05;2A;Pianottoli-Caldarello;41.46487,9.05799
Tour de l'Isolella;architecture militaire;http://www.culture.gouv.fr/public/mistral/merimee_fr?ACTION=CHERCHER&FIELD_1=REF&VALUE_1=PA00099144;inscription le 04/08/1992;Inscrit;commune;2019-12-05;2A;Pietrosella;41.8444,8.75457
Tour san Cipriano;architecture militaire;http://www.culture.gouv.fr/public/mistral/merimee_fr?ACTION=CHERCHER&FIELD_1=REF&VALUE_1=PA00135315;inscription le 24/01/1995;Inscrit;personne privée physique;2019-12-05;2A;Lecci;41.6268,9.34596
Chapelle San Pietro di Panicali;architecture religieuse;http://www.culture.gouv.fr/public/mistral/merimee_fr?ACTION=CHERCHER&FIELD_1=REF&VALUE_1=PA2A000006;inscription le 13/10/2009;Inscrit;commune;2019-12-05;2A;Forciolo;41.85475,8.99596
Tour d'Omigna;architecture militaire;http://www.culture.gouv.fr/public/mistral/merimee_fr?ACTION=CHERCHER&FIELD_1=REF&VALUE_1=PA00099136;inscription le 08/03/1991;Inscrit;établissement public de l'État;2019-12-05;2A;Cargèse;42.14652,8.55992
Tour de Capo Nero ou de Capu Neru;architecture militaire;http://www.culture.gouv.fr/public/mistral/merimee_fr?ACTION=CHERCHER&FIELD_1=REF&VALUE_1=PA00132602;inscription conservatoire le 22/04/1994;Inscrit;région;2019-12-05;2A;Coti-Chiavari;41.72537,8.70939
Ancienne église San Giovanni Battista;architecture religieuse;http://www.culture.gouv.fr/public/mistral/merimee_fr?ACTION=CHERCHER&FIELD_1=REF&VALUE_1=PA00099094;classement le 29/07/1977;Classé;privé;2019-12-05;2A;Grossa;41.61355,8.89245
Eglise de Santa Maria Figaniella;architecture religieuse;http://www.culture.gouv.fr/public/mistral/merimee_fr?ACTION=CHERCHER&FIELD_1=REF&VALUE_1=PA00099110;classement le 29/08/1927;Classé;commune;2019-12-05;2A;Santa-Maria-Figaniella;41.70621,9.00299
Hôtel de Ville;architecture de l'administration ou de la vie publique;http://www.culture.gouv.fr/public/mistral/merimee_fr?ACTION=CHERCHER&FIELD_1=REF&VALUE_1=PA00099140;inscription le 08/03/1991;Partiellement inscrit;commune;2019-12-05;2A;Sartène;41.62108,8.97191
Eglise paroissiale de l'Assomption;architecture religieuse;http://www.culture.gouv.fr/public/mistral/merimee_fr?ACTION=CHERCHER&FIELD_1=REF&VALUE_1=PA00099089;inscription le 13/02/1989;Inscrit;commune;2019-12-05;2A;Cargèse;42.1337,8.59642
Ancienne église Saint-Jacques (San Giacomo, Ghjacumu);architecture religieuse;http://www.culture.gouv.fr/public/mistral/merimee_fr?ACTION=CHERCHER&FIELD_1=REF&VALUE_1=PA00132597;inscription conservatoire le 22/04/1994;Inscrit;État Ministère autre que Ministère de la Culture et de la Communication;2019-12-05;2A;Bonifacio;41.38691,9.15657
Maison Philippe de Rocca Serra;architecture domestique;http://www.culture.gouv.fr/public/mistral/merimee_fr?ACTION=CHERCHER&FIELD_1=REF&VALUE_1=PA2A000014;inscription le 07/04/2014;Inscrit;personne privée physique;2019-12-05;2A;Sartène;41.62148,8.97306
Ancien Couvent Saint Dominique;architecture religieuse;http://www.culture.gouv.fr/public/mistral/merimee_fr?ACTION=CHERCHER&FIELD_1=REF&VALUE_1=PA00099130;inscription le 30/01/1990;Partiellement inscrit;commune;2019-12-05;2A;Bonifacio;41.38729,9.15567
Château de la Punta;architecture domestique;http://www.culture.gouv.fr/public/mistral/merimee_fr?ACTION=CHERCHER&FIELD_1=REF&VALUE_1=PA00099072;"classement le 07/02/1977 ; inscription le 27/07/1970";Partiellement Classé-Inscrit;département;2019-12-05;2A;Alata;41.9569,8.70825
Eglise Saint Dominique;architecture religieuse;http://www.culture.gouv.fr/public/mistral/merimee_fr?ACTION=CHERCHER&FIELD_1=REF&VALUE_1=PA00099081;classement le 01/01/1875;Classé;commune;2019-12-05;2A;Bonifacio;41.38704,9.15572
Eglise et bâtiment conventuel du couvent Saint François;architecture religieuse;http://www.culture.gouv.fr/public/mistral/merimee_fr?ACTION=CHERCHER&FIELD_1=REF&VALUE_1=PA00099106;classement le 11/03/1980;Classé;"département ; commune";2019-12-05;2A;Sainte-Lucie-de-Tallano;41.69536,9.06593
Hôtel de Ville;architecture de l'administration ou de la vie publique;http://www.culture.gouv.fr/public/mistral/merimee_fr?ACTION=CHERCHER&FIELD_1=REF&VALUE_1=PA00099127;inscription le 30/01/1990;Partiellement inscrit;commune;2019-12-05;2A;Ajaccio;41.91935,8.73911
Monument toréen de Foce;site archéologique;;inscription le 14/01/2020;Inscrit;commune;2020-01-15;2A;Argiusta-Moriccio;41.82861,9.02267
Couvent Saint-Antoine;architecture religieuse;http://www.culture.gouv.fr/public/mistral/merimee_fr?ACTION=CHERCHER&FIELD_1=REF&VALUE_1=PA00099138;inscription le 08/03/1991;Inscrit;commune;2019-12-05;2A;Olmeto;41.72388,8.92151
Grand-Hôtel d'Ajaccio;architecture de l'administration ou de la vie publique;http://www.culture.gouv.fr/public/mistral/merimee_fr?ACTION=CHERCHER&FIELD_1=REF&VALUE_1=PA00099134;inscription le 17/03/1992;Partiellement inscrit;région;2019-12-05;2A;Ajaccio;41.91881,8.73248
Caserne génoise Montlaur;architecture militaire;http://www.culture.gouv.fr/public/mistral/merimee_fr?ACTION=CHERCHER&FIELD_1=REF&VALUE_1=PA00132599;inscription conservatoire le 22/04/1994;Inscrit;région;2019-12-05;2A;Bonifacio;41.3866,9.15475
Statue-menhir;architecture funéraire - commémorative - votive;http://www.culture.gouv.fr/public/mistral/merimee_fr?ACTION=CHERCHER&FIELD_98=REF&VALUE_98=PA2A000008;classement le 21/12/2011;Classé;établissement public communal ou intercommunal;2020-01-06;2A;Tavera;42.06938,8.98578
Hôtel Les Roches Rouges;architecture commerciale;http://www.culture.gouv.fr/public/mistral/merimee_fr?ACTION=CHERCHER&FIELD_1=REF&VALUE_1=PA00099139;inscription le 08/03/1991;Partiellement inscrit;copropriété;2019-12-05;2A;Piana;42.24022,8.64182
Fortin de Girolata;architecture militaire;http://www.culture.gouv.fr/public/mistral/merimee_fr?ACTION=CHERCHER&FIELD_1=REF&VALUE_1=PA2A000003;classement le 23/10/2013;Classé;établissement public de l'État;2019-12-05;2A;Osani;42.34742,8.61276
Citadelle d'Ajaccio;architecture militaire;http://www.culture.gouv.fr/public/mistral/merimee_fr?ACTION=CHERCHER&FIELD_1=REF&VALUE_1=PA00099062;inscription le 18/07/1975;Inscrit;État Ministère autre que Ministère de la Culture et de la Communication;2019-12-05;2A;Ajaccio;41.91682,8.74014
Site de l'Ermitage de la Trinité;;http://www.culture.gouv.fr/public/mistral/merimee_fr?ACTION=CHERCHER&FIELD_1=REF&VALUE_1=PA2A000015;inscription le 06/04/2016;Inscrit;commune;2019-12-05;2A;Bonifacio;41.40542,9.12325
Site archéologique de Cucuruzzu;site archéologique;http://www.culture.gouv.fr/public/mistral/merimee_fr?ACTION=CHERCHER&FIELD_1=REF&VALUE_1=PA00099097;classement le 09/11/1982;Classé;région;2019-12-05;2A;Levie;41.72528,9.12539
Ensemble monumental torréen dit Castello;site archéologique;http://www.culture.gouv.fr/public/mistral/merimee_fr?ACTION=CHERCHER&FIELD_1=REF&VALUE_1=PA00099109;classement le 02/09/1974;Classé;commune;2019-12-05;2A;San-Gavino-di-Carbini;41.65043,9.2629
Village médiéval de l'Ortolo;site archéologique;http://www.culture.gouv.fr/public/mistral/merimee_fr?ACTION=CHERCHER&FIELD_1=REF&VALUE_1=PA2A000005;inscription le 10/04/2009;Inscrit;personne privée physique;2019-12-05;2A;Sartène;41.57731,9.02119
Tour de Nonza;architecture militaire;http://www.culture.gouv.fr/public/mistral/merimee_fr?ACTION=CHERCHER&FIELD_1=REF&VALUE_1=PA00099219;inscription le 05/07/1926;Inscrit;région;2019-12-11;2B;Nonza;42.78509,9.34363
Tour de Sénèque;architecture militaire;http://www.culture.gouv.fr/public/mistral/merimee_fr?ACTION=CHERCHER&FIELD_1=REF&VALUE_1=PA00099211;classement le 01/01/1875;Classé;commune;2019-12-11;2B;Luri;42.90514,9.37253
Chapelle San Petru di Nesce;architecture religieuse;http://www.culture.gouv.fr/public/mistral/merimee_fr?ACTION=CHERCHER&FIELD_1=REF&VALUE_1=PA00099269;inscription le 07/03/1990;Inscrit;commune;2019-12-11;2B;Nessa;42.55224,8.9474
Tour de Negro;architecture militaire;http://www.culture.gouv.fr/public/mistral/merimee_fr?ACTION=CHERCHER&FIELD_1=REF&VALUE_1=PA00099285;inscription le 27/10/1992;Inscrit;région;2019-12-11;2B;Olmeta-di-Capocorso;42.76096,9.34028
Chapelle San quilicu;architecture religieuse;http://www.culture.gouv.fr/public/mistral/merimee_fr?ACTION=CHERCHER&FIELD_1=REF&VALUE_1=PA00099233;classement le 14/11/1979;Classé;personne privée physique;2019-12-11;2B;Poggio-d'Oletta;42.66459,9.35564
Chapelle Saint Thomas de Pastureccia et ses peintures murales;architecture religieuse;http://www.culture.gouv.fr/public/mistral/merimee_fr?ACTION=CHERCHER&FIELD_1=REF&VALUE_1=PA00099183;classement le 26/04/1927;Classé;commune;2019-12-11;2B;Castello-di-Rostino;42.46964,9.31294
Chapelle Saint-George;architecture religieuse;http://www.culture.gouv.fr/public/mistral/merimee_fr?ACTION=CHERCHER&FIELD_1=REF&VALUE_1=PA00099254;classement le 20/08/1976;Classé;commune;2019-12-11;2B;Valle-d'Orezza;42.36435,9.39105
Tour de Miomo;architecture militaire;http://www.culture.gouv.fr/public/mistral/merimee_fr?ACTION=CHERCHER&FIELD_1=REF&VALUE_1=PA00099244;inscription le 14/02/1927;Inscrit;région;2019-12-11;2B;Santa-Maria-di-Lota;42.74148,9.46172
Chapelle de la confrérie de Sainte-Croix;architecture religieuse;http://www.culture.gouv.fr/public/mistral/merimee_fr?ACTION=CHERCHER&FIELD_1=REF&VALUE_1=PA00099201;inscription le 13/02/1989;Inscrit;commune;2019-12-11;2B;Ghisoni;42.10341,9.21236
Maison Arrighi de Casanova;architecture domestique;http://www.culture.gouv.fr/public/mistral/merimee_fr?ACTION=CHERCHER&FIELD_1=REF&VALUE_1=PA00099265;inscription le 30/01/1990;Inscrit;commune;2019-12-11;2B;Corte;42.3053,9.14934
"Maison dite ""Fernandi""";architecture domestique;http://www.culture.gouv.fr/public/mistral/merimee_fr?ACTION=CHERCHER&FIELD_1=REF&VALUE_1=PA00125390;classement le 03/02/2000;Classé;personne privée physique;2019-12-11;2B;Brando;42.76933,9.45751
Tour de Galeria et son magasin;architecture militaire;http://www.culture.gouv.fr/public/mistral/merimee_fr?ACTION=CHERCHER&FIELD_1=REF&VALUE_1=PA00132605;inscription le 22/04/1994;Inscrit;commune;2019-12-11;2B;Galéria;42.41868,8.65732
Villa Saint-Jacques;architecture domestique;http://www.culture.gouv.fr/public/mistral/merimee_fr?ACTION=CHERCHER&FIELD_1=REF&VALUE_1=PA2B000027;inscription le 07/04/2014;Partiellement Inscrit;personne privée physique;2019-12-11;2B;Luri;42.89677,9.40733
Tour de la Mortella;architecture militaire;http://www.culture.gouv.fr/public/mistral/merimee_fr?ACTION=CHERCHER&FIELD_1=REF&VALUE_1=PA00099279;inscription le 08/03/1991;Inscrit;établissement public de l'État;2019-12-11;2B;Saint-Florent;42.715,9.25692
Eglise paroissiale Sainte-Croix (Santa-Croce);architecture religieuse;http://www.culture.gouv.fr/public/mistral/merimee_fr?ACTION=CHERCHER&FIELD_1=REF&VALUE_1=PA00099220;inscription le 06/09/1985;Inscrit;commune;2019-12-11;2B;Novella;42.5856,9.11594
Chapelle de confrérie Sainte-Croix;architecture religieuse;http://www.culture.gouv.fr/public/mistral/merimee_fr?ACTION=CHERCHER&FIELD_1=REF&VALUE_1=PA00099239;classement le 22/10/1976;Partiellement Classé;commune;2019-12-11;2B;Rogliano;42.95493,9.4185
Eglise paroissiale Saint-Roch;architecture religieuse;http://www.culture.gouv.fr/public/mistral/merimee_fr?ACTION=CHERCHER&FIELD_1=REF&VALUE_1=PA00099231;classement le 16/10/1992;Classé;commune;2019-12-11;2B;Pietraserena;42.23631,9.34532
Eglise paroissiale Saint-Césaire;architecture religieuse;http://www.culture.gouv.fr/public/mistral/merimee_fr?ACTION=CHERCHER&FIELD_1=REF&VALUE_1=PA00099187;classement le 26/05/1992;Classé;commune;2019-12-11;2B;Cateri;42.5711,8.89284
Eglise paroissiale Sainte-Marguerite;architecture religieuse;http://www.culture.gouv.fr/public/mistral/merimee_fr?ACTION=CHERCHER&FIELD_1=REF&VALUE_1=PA00099178;classement le 22/10/1976;Classé;commune;2019-12-11;2B;Carcheto-Brustico;42.36674,9.36777
Maison Sebastiani-Conneau;architecture domestique;http://www.culture.gouv.fr/public/mistral/merimee_fr?ACTION=CHERCHER&FIELD_1=REF&VALUE_1=PA2B000016;"inscription le 08/02/2008 ; inscription le 27/01/2011";Partiellement Inscrit;personne privée physique;2019-12-11;2B;Porta;42.42306,9.35248
Eglise paroissiale Saint-André;architecture religieuse;http://www.culture.gouv.fr/public/mistral/merimee_fr?ACTION=CHERCHER&FIELD_1=REF&VALUE_1=PA00099223;classement le 19/03/1979;Classé;commune;2019-12-11;2B;Oletta;42.63342,9.35512
Castellu di Serravalle (Vestiges);architecture militaire;http://www.culture.gouv.fr/public/mistral/merimee_fr?ACTION=CHERCHER&FIELD_1=REF&VALUE_1=PA2B000003;inscription le 09/07/1996;Partiellement Inscrit;commune;2019-12-11;2B;Prato-di-Giovellina;42.43854,9.16469
Fort Matra;architecture militaire;http://www.culture.gouv.fr/public/mistral/merimee_fr?ACTION=CHERCHER&FIELD_1=REF&VALUE_1=PA00099150;classement le 12/10/1962;Classé;département;2019-12-11;2B;Aléria;42.10454,9.51118
Maison Filippi-Luigi-Saladini;architecture domestique;http://www.culture.gouv.fr/public/mistral/merimee_fr?ACTION=CHERCHER&FIELD_1=REF&VALUE_1=PA2B000038;inscription le 06/04/2016;Inscrit;personne privée physique;2019-12-11;2B;Ville-di-Paraso;42.56607,8.98616
Eglise Santa Reparata;architecture religieuse;http://www.culture.gouv.fr/public/mistral/merimee_fr?ACTION=CHERCHER&FIELD_1=REF&VALUE_1=PA00099245;classement le 02/11/1976;Classé;commune;2019-12-11;2B;Santa-Reparata-di-Balagna;42.6039,8.92942
Complexe architectural de Palasca;;http://www.culture.gouv.fr/public/mistral/merimee_fr?ACTION=CHERCHER&FIELD_1=REF&VALUE_1=PA2B000033;inscription le 06/04/2016;Inscrit;commune;2019-12-11;2B;Palasca;42.58893,9.0429
Eglise Saint-Jean-Baptiste (ancienne pro-cathédrale);architecture religieuse;http://www.culture.gouv.fr/public/mistral/merimee_fr?ACTION=CHERCHER&FIELD_1=REF&VALUE_1=PA00099171;classement le 10/08/1920;Classé;commune;2019-12-11;2B;Calvi;42.5683,8.76064
Ancien couvent d'Alziprato;architecture religieuse;http://www.culture.gouv.fr/public/mistral/merimee_fr?ACTION=CHERCHER&FIELD_1=REF&VALUE_1=PA00099261;inscription le 09/11/1966;Inscrit;personne privée physique;2019-12-11;2B;Zilia;42.52162,8.8693
Couvent Saint-François d'Assise;architecture religieuse;http://www.culture.gouv.fr/public/mistral/merimee_fr?ACTION=CHERCHER&FIELD_1=REF&VALUE_1=PA00099283;inscription le 04/08/1992;Inscrit;commune;2019-12-11;2B;Morosaglia;42.43488,9.29821
Palais Caraffa;architecture domestique;http://www.culture.gouv.fr/public/mistral/merimee_fr?ACTION=CHERCHER&FIELD_1=REF&VALUE_1=PA2B000017;inscription conservatoire le 04/05/2009;Inscrit;commune;2019-12-11;2B;Bastia;42.69498,9.44794
Viaduc sur le Vecchio;génie civil;http://www.culture.gouv.fr/public/mistral/merimee_fr?ACTION=CHERCHER&FIELD_1=REF&VALUE_1=PA00099260;inscription le 29/07/1976;Inscrit;région;2019-12-11;2B;Vivario;42.19296,9.16585
Fort de Vivario (ruines);architecture militaire;http://www.culture.gouv.fr/public/mistral/merimee_fr?ACTION=CHERCHER&FIELD_1=REF&VALUE_1=PA00099259;classement le 25/03/1977;Classé;personne privée physique;2019-12-11;2B;Vivario;42.18113,9.16189
Site archéologique et substructions d'un sanctuaire primitif;site archéologique;http://www.culture.gouv.fr/public/mistral/merimee_fr?ACTION=CHERCHER&FIELD_1=REF&VALUE_1=PA00099268;classement le 15/05/1991;Classé;commune;2019-12-11;2B;Valle-di-Rostino;42.4581,9.2701
Nécropole préromaine et villa romaine (vestiges);site archéologique;http://www.culture.gouv.fr/public/mistral/merimee_fr?ACTION=CHERCHER&FIELD_1=REF&VALUE_1=PA00099151;classement le 30/11/1972;Classé;État Ministère autre que Ministère de la Culture et de la Communication;2019-12-11;2B;Aléria;42.08637,9.50633
Eglise Santa Maria Assunta;architecture religieuse;http://www.culture.gouv.fr/public/mistral/merimee_fr?ACTION=CHERCHER&FIELD_1=REF&VALUE_1=PA00099125;inscription le 23/04/1981;Partiellement inscrit;commune;2019-12-05;2A;Zigliara;41.84637,8.99516
Pont génois de Zippitoli;génie civil;http://www.culture.gouv.fr/public/mistral/merimee_fr?ACTION=CHERCHER&FIELD_1=REF&VALUE_1=PA00099075;classement le 15/02/1977;Classé;commune;2019-12-05;2A;Bastelica;41.96126,9.00226
Chapelle San-Quilicu de Montilati;architecture religieuse;http://www.culture.gouv.fr/public/mistral/merimee_fr?ACTION=CHERCHER&FIELD_1=REF&VALUE_1=PA00099092;classement le 07/07/1977;Classé;commune;2019-12-05;2A;Figari;41.51519,9.16149
Puits Saint-Barthélemy;architecture militaire;http://www.culture.gouv.fr/public/mistral/merimee_fr?ACTION=CHERCHER&FIELD_1=REF&VALUE_1=PA00132601;inscription conservatoire le 22/04/1994;Inscrit;région;2019-12-05;2A;Bonifacio;41.38709,9.15367
Pont de Zaglia;génie civil;http://www.culture.gouv.fr/public/mistral/merimee_fr?ACTION=CHERCHER&FIELD_1=REF&VALUE_1=PA00099090;classement le 26/06/1990;Classé;commune;2019-12-05;2A;Évisa;42.2502,8.77599
Tour Génoise de Sagone;architecture militaire;http://www.culture.gouv.fr/public/mistral/merimee_fr?ACTION=CHERCHER&FIELD_1=REF&VALUE_1=PA00099123;inscription le 19/04/1974;Inscrit;société privée;2019-12-05;2A;Vico;42.11058,8.68656
Tour de Fautea;architecture militaire;http://www.culture.gouv.fr/public/mistral/merimee_fr?ACTION=CHERCHER&FIELD_1=REF&VALUE_1=PA00099146;inscription le 27/10/1992;Inscrit;région;2019-12-05;2A;Zonza;41.71345,9.4057
Ponti Vicchiu sur le Taravo;génie civil;http://www.culture.gouv.fr/public/mistral/merimee_fr?ACTION=CHERCHER&FIELD_1=REF&VALUE_1=PA00099101;classement le 10/11/1976;Classé;commune;2019-12-05;2A;Petreto-Bicchisano;41.81003,8.95971
Maison forte;architecture domestique;http://www.culture.gouv.fr/public/mistral/merimee_fr?ACTION=CHERCHER&FIELD_1=REF&VALUE_1=PA00099107;inscription le 15/01/1987;Inscrit;personne privée physique;2019-12-05;2A;Sainte-Lucie-de-Tallano;41.69721,9.06278
Oratoire Saint-Jean-Baptiste;architecture religieuse;http://www.culture.gouv.fr/public/mistral/merimee_fr?ACTION=CHERCHER&FIELD_1=REF&VALUE_1=PA00099068;inscription le 06/09/1985;Inscrit;commune;2019-12-05;2A;Ajaccio;41.91783,8.73827
Pont A Spina Cavallu;génie civil;http://www.culture.gouv.fr/public/mistral/merimee_fr?ACTION=CHERCHER&FIELD_1=REF&VALUE_1=PA00099073;classement le 22/10/1976;Classé;commune;2019-12-05;2A;Arbellara;41.65562,8.98109
Ancienne église Saint-Jean;architecture religieuse;http://www.culture.gouv.fr/public/mistral/merimee_fr?ACTION=CHERCHER&FIELD_1=REF&VALUE_1=PA00099102;classement le 29/12/1930;Classé;commune;2019-12-05;2A;Sainte-Lucie-de-Tallano;41.7047,9.05313
Ancienne Eglise Saint-Barthélemy ou San Bartolomeo ou San Bartulumeu;architecture religieuse;http://www.culture.gouv.fr/public/mistral/merimee_fr?ACTION=CHERCHER&FIELD_1=REF&VALUE_1=PA00132596;inscription le 22/04/1994;Inscrit;région;2019-12-05;2A;Bonifacio;41.38709,9.15322
Cathédrale Saint-Appien;architecture religieuse;http://www.culture.gouv.fr/public/mistral/merimee_fr?ACTION=CHERCHER&FIELD_1=REF&VALUE_1=PA00099133;inscription le 04/09/1989;Inscrit;commune;2019-12-05;2A;Vico;42.11843,8.69017
Oratoire Saint-Roch;architecture religieuse;http://www.culture.gouv.fr/public/mistral/merimee_fr?ACTION=CHERCHER&FIELD_1=REF&VALUE_1=PA00099069;inscription le 06/09/1985;Inscrit;commune;2019-12-05;2A;Ajaccio;41.92172,8.738
Chapelle Saint Erasme ou Sant'Erasmu;architecture religieuse;http://www.culture.gouv.fr/public/mistral/merimee_fr?ACTION=CHERCHER&FIELD_1=REF&VALUE_1=PA00099061;classement le 05/01/1993;Classé;commune;2019-12-05;2A;Ajaccio;41.91663,8.73855
Maison Charles de Rocca Serra;architecture domestique;http://www.culture.gouv.fr/public/mistral/merimee_fr?ACTION=CHERCHER&FIELD_1=REF&VALUE_1=PA2A000013;inscription le 07/04/2014;Partiellement inscrit;personne privée physique;2019-12-05;2A;Sartène;41.62014,8.97195
Maison de Napoléon Bonaparte;architecture de culture - recherche - sport - loisir;http://www.culture.gouv.fr/public/mistral/merimee_fr?ACTION=CHERCHER&FIELD_1=REF&VALUE_1=PA00099066;classement le 23/04/1924;Classé;État Ministère de la Culture et de la Communication;2019-12-05;2A;Ajaccio;41.91797,8.73862
Chapelle Impériale;architecture religieuse;http://www.culture.gouv.fr/public/mistral/merimee_fr?ACTION=CHERCHER&FIELD_1=REF&VALUE_1=PA00099060;classement le 22/07/1924;Classé;État Ministère de la Culture et de la Communication;2019-12-05;2A;Ajaccio;41.92171,8.73852
Baptistère paléochrétien de Saint-Jean;architecture religieuse;http://www.culture.gouv.fr/public/mistral/merimee_fr?ACTION=CHERCHER&FIELD_1=REF&VALUE_1=PA2A000004;classement le 14/02/2013;Classé;société privée;2019-12-05;2A;Ajaccio;41.92931,8.73787
Palais Lantivy;architecture de l'administration ou de la vie publique;http://www.culture.gouv.fr/public/mistral/merimee_fr?ACTION=CHERCHER&FIELD_1=REF&VALUE_1=PA00099128;inscription le 30/01/1990;Partiellement inscrit;département;2019-12-05;2A;Ajaccio;41.91959,8.73618
Carrière romaine des îles Cavallo et San Bainzo;site archéologique;http://www.culture.gouv.fr/public/mistral/merimee_fr?ACTION=CHERCHER&FIELD_1=REF&VALUE_1=PA00099148;inscription le 04/08/1992;Inscrit;société privée;2019-12-05;2A;Bonifacio;41.36247,9.26228
Alignements de menhirs et de statues menhirs dénomés Rinaiu et I stantaré;site archéologique;http://www.culture.gouv.fr/public/mistral/merimee_fr?ACTION=CHERCHER&FIELD_1=REF&VALUE_1=PA00099112;classement le 28/02/1975;Classé;région;2019-12-05;2A;Sartène;41.52838,8.92193
Site archéologique de Tappa;site archéologique;;inscription le 30/04/2019;Inscrit;personne privée physique;2019-12-05;2A;Porto-Vecchio;41.55241,9.23009
Parcelles dites de Frasso;site archéologique;http://www.culture.gouv.fr/public/mistral/merimee_fr?ACTION=CHERCHER&FIELD_1=REF&VALUE_1=PA00099096;inscription le 02/06/1987;Inscrit;société privée;2019-12-05;2A;Grosseto-Prugna;41.88797,8.8232
Site préhistorique de Filitosa;site archéologique;http://www.culture.gouv.fr/public/mistral/merimee_fr?ACTION=CHERCHER&FIELD_1=REF&VALUE_1=PA00099120;classement le 10/12/1980;Classé;personne privée physique;2019-12-05;2A;Sollacaro;41.74748,8.86931
Citadelle de Bonifacio;architecture militaire;http://www.culture.gouv.fr/public/mistral/merimee_fr?ACTION=CHERCHER&FIELD_1=REF&VALUE_1=PA00099077;inscription le 24/10/1929;Inscrit;"région ; commune";2019-12-05;2A;Bonifacio;41.38716,9.1541
Lavoir communal;architecture de l'administration ou de la vie publique;http://www.culture.gouv.fr/public/mistral/merimee_fr?ACTION=CHERCHER&FIELD_1=REF&VALUE_1=PA00099205;inscription le 29/07/1987;Inscrit;commune;2019-12-11;2B;Lavatoggio;42.57498,8.87764
Tombeau du sculpteur Maestracci;architecture funéraire - commémorative - votive;http://www.culture.gouv.fr/public/mistral/merimee_fr?ACTION=CHERCHER&FIELD_1=REF&VALUE_1=PA00099221;inscription le 13/02/1989;Inscrit;personne privée physique;2019-12-11;2B;Occhiatana;42.57388,9.00898
"Maison dite ""mulinu di Pendente""";architecture artisanale;http://www.culture.gouv.fr/public/mistral/merimee_fr?ACTION=CHERCHER&FIELD_1=REF&VALUE_1=PA2B000008;inscription le 09/01/2007;Partiellement Inscrit;personne privée physique;2019-12-11;2B;Canari;42.85834,9.35908
Chapelle Saint-Césaire;architecture religieuse;http://www.culture.gouv.fr/public/mistral/merimee_fr?ACTION=CHERCHER&FIELD_1=REF&VALUE_1=PA00099238;classement le 01/01/1875;Classé;commune;2019-12-11;2B;Rapale;42.58447,9.30412
Tour d'Albo;architecture militaire;http://www.culture.gouv.fr/public/mistral/merimee_fr?ACTION=CHERCHER&FIELD_1=REF&VALUE_1=PA00099284;inscription le 04/08/1992;Inscrit;région;2019-12-11;2B;Ogliastro;42.808,9.33374
Chapelle Santa Maria Assunta;architecture religieuse;http://www.culture.gouv.fr/public/mistral/merimee_fr?ACTION=CHERCHER&FIELD_1=REF&VALUE_1=PA00099286;classement le 16/10/1992;Classé;commune;2019-12-11;2B;Pie-d'Orezza;42.37155,9.35366
Eglise Saint Nicolas;architecture religieuse;http://www.culture.gouv.fr/public/mistral/merimee_fr?ACTION=CHERCHER&FIELD_1=REF&VALUE_1=PA00099248;classement le 16/10/1992;Classé;commune;2019-12-11;2B;Sermano;42.31168,9.26545
Eglise Saint-Martin;architecture religieuse;http://www.culture.gouv.fr/public/mistral/merimee_fr?ACTION=CHERCHER&FIELD_1=REF&VALUE_1=PA00099197;classement le 23/10/1926;Classé;commune;2019-12-11;2B;Erbajolo;42.26487,9.27643
Chapelle San Pantaleone et ses peintures murales;architecture religieuse;http://www.culture.gouv.fr/public/mistral/merimee_fr?ACTION=CHERCHER&FIELD_1=REF&VALUE_1=PA00099200;classement le 30/09/1975;Classé;commune;2019-12-11;2B;Gavignano;42.41856,9.28072
Chapelle Sainte Christine;architecture religieuse;http://www.culture.gouv.fr/public/mistral/merimee_fr?ACTION=CHERCHER&FIELD_1=REF&VALUE_1=PA00099256;classement le 01/01/1875;Classé;commune;2019-12-11;2B;Valle-di-Campoloro;42.33735,9.50082
Chapelle de confrérie Santa Devota;architecture religieuse;http://www.culture.gouv.fr/public/mistral/merimee_fr?ACTION=CHERCHER&FIELD_1=REF&VALUE_1=PA00099229;classement le 12/10/1976;Classé;commune;2019-12-11;2B;Piedicroce;42.37612,9.36763
Chapelle San Ciprinano (Saint Cyprien);architecture religieuse;http://www.culture.gouv.fr/public/mistral/merimee_fr?ACTION=CHERCHER&FIELD_1=REF&VALUE_1=PA00099237;inscription le 22/10/1976;Inscrit;commune;2019-12-11;2B;Quercitello;42.42841,9.35473
Chapelle San Michele;architecture religieuse;http://www.culture.gouv.fr/public/mistral/merimee_fr?ACTION=CHERCHER&FIELD_1=REF&VALUE_1=PA00099217;classement le 01/01/1875;Classé;commune;2019-12-11;2B;Murato;42.5861,9.33348
Eglise paroissiale Saint-Blaise;architecture religieuse;http://www.culture.gouv.fr/public/mistral/merimee_fr?ACTION=CHERCHER&FIELD_1=REF&VALUE_1=PA2B000136;inscription le 09/01/2018;Inscrit;commune;2019-12-11;2B;Poggio-Marinaccio;42.43408,9.35363
Eglise Santa Reparata;architecture religieuse;http://www.culture.gouv.fr/public/mistral/merimee_fr?ACTION=CHERCHER&FIELD_1=REF&VALUE_1=PA00125392;inscription le 23/06/1993;Inscrit;commune;2019-12-11;2B;Morosaglia;42.43728,9.30228
Pont génois sur le Tavignano;génie civil;http://www.culture.gouv.fr/public/mistral/merimee_fr?ACTION=CHERCHER&FIELD_1=REF&VALUE_1=PA00099154;classement le 14/01/1977;Classé;région;2019-12-11;2B;Altiani;42.22206,9.26525
Eglise Sainte-Marie;architecture religieuse;http://www.culture.gouv.fr/public/mistral/merimee_fr?ACTION=CHERCHER&FIELD_1=REF&VALUE_1=PA00099255;classement le 06/10/1976;Classé;commune;2019-12-11;2B;Valle-d'Orezza;42.36977,9.39536
Chapelle Notre-Dame du Lazio;architecture religieuse;http://www.culture.gouv.fr/public/mistral/merimee_fr?ACTION=CHERCHER&FIELD_1=REF&VALUE_1=PA00099189;inscription le 06/09/1985;Inscrit;commune;2019-12-11;2B;Corbara;42.60182,8.91014
Eglise paroissiale de l'Annonciation;architecture religieuse;http://www.culture.gouv.fr/public/mistral/merimee_fr?ACTION=CHERCHER&FIELD_1=REF&VALUE_1=PA00099165;classement le 14/11/1988;Classé;commune;2019-12-11;2B;Borgo;42.55438,9.42607
Eglise San Nicolao;architecture religieuse;http://www.culture.gouv.fr/public/mistral/merimee_fr?ACTION=CHERCHER&FIELD_1=REF&VALUE_1=PA00099281;inscription le 08/03/1991;Inscrit;commune;2019-12-11;2B;Tomino;42.94628,9.43976
Église Saint-Michel;architecture religieuse;http://www.culture.gouv.fr/public/mistral/merimee_fr?ACTION=CHERCHER&FIELD_1=REF&VALUE_1=PA00099267;inscription le 30/01/1990;Inscrit;commune;2019-12-11;2B;Penta-di-Casinca;42.46744,9.45983
Château de Tuda;architecture domestique;http://www.culture.gouv.fr/public/mistral/merimee_fr?ACTION=CHERCHER&FIELD_1=REF&VALUE_1=PA00099224;inscription le 14/01/1977;Partiellement Inscrit;personne privée physique;2019-12-11;2B;Olmeta-di-Tuda;42.61159,9.35517
Eglise San Pantaleone;architecture religieuse;http://www.culture.gouv.fr/public/mistral/merimee_fr?ACTION=CHERCHER&FIELD_1=REF&VALUE_1=PA00099157;inscription le 28/12/1984;Inscrit;commune;2019-12-11;2B;Barrettali;42.87665,9.35536
Pont sur le Golo à Ponte-Leccia;génie civil;http://www.culture.gouv.fr/public/mistral/merimee_fr?ACTION=CHERCHER&FIELD_1=REF&VALUE_1=PA00099216;inscription le 08/06/1928;Inscrit;commune;2019-12-11;2B;Morosaglia;42.46286,9.20683
Eglise;architecture religieuse;http://www.culture.gouv.fr/public/mistral/merimee_fr?ACTION=CHERCHER&FIELD_1=REF&VALUE_1=PA00099228;classement le 15/03/1958;Partiellement Classé;commune;2019-12-11;2B;Piedicorte-di-Gaggio;42.23615,9.32813
Castellu di San Colombu (Château San Colombu);architecture militaire;http://www.culture.gouv.fr/public/mistral/merimee_fr?ACTION=CHERCHER&FIELD_1=REF&VALUE_1=PA2B000004;inscription le 09/07/1996;Inscrit;personne privée physique;2019-12-11;2B;Rogliano;42.9506,9.41124
Oratoire Saint-Roch;architecture religieuse;http://www.culture.gouv.fr/public/mistral/merimee_fr?ACTION=CHERCHER&FIELD_1=REF&VALUE_1=PA2B000007;classement le 26/06/2007;Classé;commune;2019-12-11;2B;Bastia;42.69828,9.45033
Eglise Saint-Etienne de Cardo;architecture religieuse;http://www.culture.gouv.fr/public/mistral/merimee_fr?ACTION=CHERCHER&FIELD_1=REF&VALUE_1=PA00125388;inscription le 23/06/1993;Inscrit;commune;2019-12-11;2B;Bastia;42.70237,9.42752
Eglise paroissiale Saint-Augustin de Montemaggiore;architecture religieuse;http://www.culture.gouv.fr/public/mistral/merimee_fr?ACTION=CHERCHER&FIELD_1=REF&VALUE_1=PA00099213;inscription le 29/07/1987;Inscrit;commune;2019-12-11;2B;Montegrosso;42.53562,8.8734
Eglise Saint-Charles;architecture religieuse;http://www.culture.gouv.fr/public/mistral/merimee_fr?ACTION=CHERCHER&FIELD_1=REF&VALUE_1=PA2B000006;inscription le 09/01/2007;Inscrit;commune;2019-12-11;2B;Bastia;42.69533,9.44764
Monument commémoratif de Napoléon Ier;architecture funéraire - commémorative - votive;http://www.culture.gouv.fr/public/mistral/merimee_fr?ACTION=CHERCHER&FIELD_1=REF&VALUE_1=PA2B000012;"inscription conservatoire le 08/02/2008 ; classement le 25/02/2010";Classé;commune;2019-12-11;2B;Bastia;42.69983,9.45095
Ancien couvent d'Oveglia;architecture religieuse;http://www.culture.gouv.fr/public/mistral/merimee_fr?ACTION=CHERCHER&FIELD_1=REF&VALUE_1=PA00099263;"inscription le 25/04/1990 ; inscription le 30/01/1990";Inscrit;commune;2019-12-11;2B;Cagnano;42.88535,9.4238
Couvent Saint François du Bozio et son église;architecture religieuse;http://www.culture.gouv.fr/public/mistral/merimee_fr?ACTION=CHERCHER&FIELD_1=REF&VALUE_1=PA00135317;inscription le 24/01/1995;Inscrit;commune;2019-12-11;2B;Alando;42.30714,9.29656
Hôtel Nord-Sud;architecture domestique;http://www.culture.gouv.fr/public/mistral/merimee_fr?ACTION=CHERCHER&FIELD_1=REF&VALUE_1=PA00099173;inscription le 29/10/1975;Partiellement Inscrit;personne privée physique;2019-12-11;2B;Calvi;42.56928,8.75711
Citadelle et murs d'enceinte;architecture militaire;http://www.culture.gouv.fr/public/mistral/merimee_fr?ACTION=CHERCHER&FIELD_1=REF&VALUE_1=PA00099278;"inscription le 12/02/1991 ; classement le 18/10/1994";Partiellement Classé-Inscrit;commune;2019-12-11;2B;Saint-Florent;42.68289,9.30155
Eglise Sainte-Marie;architecture religieuse;http://www.culture.gouv.fr/public/mistral/merimee_fr?ACTION=CHERCHER&FIELD_1=REF&VALUE_1=PA00099162;classement le 03/02/2000;Classé;commune;2019-12-11;2B;Bastia;42.69236,9.45177
Citadelle et palais du Gouverneur;architecture de l'administration ou de la vie publique;http://www.culture.gouv.fr/public/mistral/merimee_fr?ACTION=CHERCHER&FIELD_1=REF&VALUE_1=PA00099158;"inscription le 04/11/1935 ; classement le 14/01/1977";Partiellement Classé-Inscrit;;2019-12-11;2B;Bastia;42.69361,9.45115
Ruines du fort de Vizzavona;architecture militaire;http://www.culture.gouv.fr/public/mistral/merimee_fr?ACTION=CHERCHER&FIELD_1=REF&VALUE_1=PA00099287;inscription le 04/08/1992;Inscrit;commune;2019-12-11;2B;Vivario;42.11363,9.11309
Eglise Santa Maria Assunta;architecture religieuse;http://www.culture.gouv.fr/public/mistral/merimee_fr?ACTION=CHERCHER&FIELD_1=REF&VALUE_1=PA2B000026;inscription le 07/04/2014;Inscrit;commune;2019-12-11;2B;Brando;42.77817,9.46088
Citadelle et murs d'enceinte;architecture militaire;http://www.culture.gouv.fr/public/mistral/merimee_fr?ACTION=CHERCHER&FIELD_1=REF&VALUE_1=PA00099278;"inscription le 12/02/1991 ; classement le 18/10/1994";Partiellement Classé-Inscrit;commune;2019-12-11;2B;Saint-Florent;42.68267,9.30142
Ancien couvent Saint-Joseph;architecture religieuse;http://www.culture.gouv.fr/public/mistral/merimee_fr?ACTION=CHERCHER&FIELD_1=REF&VALUE_1=PA00099246;"classement le 21/07/1989 ; inscription le 07/09/1977";Partiellement Classé-Inscrit;;2019-12-11;2B;Santo-Pietro-di-Tenda;42.60875,9.27203
Grotta Scritta;site archéologique;http://www.culture.gouv.fr/public/mistral/merimee_fr?ACTION=CHERCHER&FIELD_1=REF&VALUE_1=PA2B000028;inscription le 07/04/2014;Inscrit;commune;2019-12-11;2B;Olmeta-di-Capocorso;42.77165,9.3536
Cité antique de Mariana;site archéologique;http://www.culture.gouv.fr/public/mistral/merimee_fr?ACTION=CHERCHER&FIELD_1=REF&VALUE_1=PA00099208;"classement le 22/09/1969 ; classement le 27/06/1991";Classé;commune;2019-12-11;2B;Lucciana;42.54462,9.49715
Site archéologique d'Aléria;site archéologique;http://www.culture.gouv.fr/public/mistral/merimee_fr?ACTION=CHERCHER&FIELD_1=REF&VALUE_1=PA00099262;classement le 18/12/1990;Classé;région;2019-12-11;2B;Aléria;42.10209,9.51042
Enceinte urbaine fortifiée;architecture militaire;;inscription le 10/09/2019;Inscrit;;2020-01-15;2A;Porto-Vecchio;41.59094,9.27996
"Deux cimetières militaires et la stèle commémorant le naufrage de la ""Semillante"" aux Iles Lavezzi";;http://www.culture.gouv.fr/public/mistral/merimee_fr?ACTION=CHERCHER&FIELD_1=REF&VALUE_1=PA00099080;classement le 08/03/1983;Classé;;2019-12-05;2A;Bonifacio;41.33693,9.24832
Tour de Senetosa;architecture militaire;http://www.culture.gouv.fr/public/mistral/merimee_fr?ACTION=CHERCHER&FIELD_1=REF&VALUE_1=PA00099145;inscription conservatoire le 27/10/1992;Inscrit;établissement public de l'État;2019-12-05;2A;Sartène;41.56427,8.79866
Maison;architecture domestique;http://www.culture.gouv.fr/public/mistral/merimee_fr?ACTION=CHERCHER&FIELD_1=REF&VALUE_1=PA00099085;inscription le 04/11/1935;Partiellement inscrit;personne privée physique;2019-12-05;2A;Bonifacio;41.38697,9.15768
Pont génois de Pianella;génie civil;http://www.culture.gouv.fr/public/mistral/merimee_fr?ACTION=CHERCHER&FIELD_1=REF&VALUE_1=PA00099099;classement le 29/11/1976;Classé;commune;2019-12-05;2A;Ota;42.25633,8.76119
Chapelle funéraire Pozzo di Borgo;architecture funéraire - commémorative - votive;http://www.culture.gouv.fr/public/mistral/merimee_fr?ACTION=CHERCHER&FIELD_1=REF&VALUE_1=PA2A000009;inscription le 14/05/2012;Inscrit;personne privée physique;2019-12-05;2A;Alata;41.9589,8.71667
Eglise paroissiale saint-Jean-Baptiste et son clocher séparé;architecture religieuse;http://www.culture.gouv.fr/public/mistral/merimee_fr?ACTION=CHERCHER&FIELD_1=REF&VALUE_1=PA00099087;classement le 12/07/1886;Classé;commune;2019-12-05;2A;Carbini;41.67959,9.14757
Ancienne Eglise Sainte Marie-Madeleine (Santa Maddalena);architecture religieuse;http://www.culture.gouv.fr/public/mistral/merimee_fr?ACTION=CHERCHER&FIELD_1=REF&VALUE_1=PA00132598;inscription conservatoire le 22/04/1994;Inscrit;région;2019-12-05;2A;Bonifacio;41.38745,9.15382
Echauguette et le Rempart attenant;architecture militaire;http://www.culture.gouv.fr/public/mistral/merimee_fr?ACTION=CHERCHER&FIELD_1=REF&VALUE_1=PA00099115;inscription le 21/12/1984;Inscrit;personne privée physique;2019-12-05;2A;Sartène;41.62076,8.97124
Ancien Palais Episcopal;architecture religieuse;http://www.culture.gouv.fr/public/mistral/merimee_fr?ACTION=CHERCHER&FIELD_1=REF&VALUE_1=PA00099070;inscription le 21/12/1984;Partiellement inscrit;association cultuelle;2019-12-05;2A;Ajaccio;41.9175,8.7394
Château de Vico d'Ornano;architecture domestique;http://www.culture.gouv.fr/public/mistral/merimee_fr?ACTION=CHERCHER&FIELD_1=REF&VALUE_1=PA2A000010;inscription le 10/05/2012;Inscrit;personne privée physique;2019-12-05;2A;Santa-Maria-Siché;41.87283,8.98177
Eglise Sainte Marie Majeure;architecture religieuse;http://www.culture.gouv.fr/public/mistral/merimee_fr?ACTION=CHERCHER&FIELD_1=REF&VALUE_1=PA00099082;classement le 21/09/1982;Classé;commune;2019-12-05;2A;Bonifacio;41.38715,9.15931
Tour de Porto;architecture militaire;http://www.culture.gouv.fr/public/mistral/merimee_fr?ACTION=CHERCHER&FIELD_1=REF&VALUE_1=PA00099100;inscription le 22/06/1946;Inscrit;commune;2019-12-05;2A;Ota;42.26768,8.69157
Tour de Campo Moro et son enceinte fortifiée;architecture militaire;http://www.culture.gouv.fr/public/mistral/merimee_fr?ACTION=CHERCHER&FIELD_1=REF&VALUE_1=PA00099143;inscription le 04/08/1992;Inscrit;établissement public de l'État;2019-12-05;2A;Belvédère-Campomoro;41.63882,8.80742
Site archéologique antique de Piantarella;site archéologique;http://www.culture.gouv.fr/public/mistral/merimee_fr?ACTION=CHERCHER&FIELD_1=REF&VALUE_1=PA00099086;classement le 26/06/2007;Classé;société privée;2019-12-05;2A;Bonifacio;41.37202,9.2217
Château de Barici;architecture militaire;http://www.culture.gouv.fr/public/mistral/merimee_fr?ACTION=CHERCHER&FIELD_98=REF&VALUE_98=PA2A000021;inscription le 30/04/2019;Inscrit;personne privée physique;2020-01-10;2A;Foce;41.60277,9.00986
Site de Capula;site archéologique;http://www.culture.gouv.fr/public/mistral/merimee_fr?ACTION=CHERCHER&FIELD_1=REF&VALUE_1=PA00099131;classement le 06/12/1990;Classé;commune;2019-12-05;2A;Levie;41.72288,9.13188
"Site archéologique ""I. Calanchi - Saparata - Alta""";site archéologique;http://www.culture.gouv.fr/public/mistral/merimee_fr?ACTION=CHERCHER&FIELD_1=REF&VALUE_1=PA00099132;classement le 06/12/1990;Classé;personne privée physique;2019-12-05;2A;Sollacaro;41.73246,8.85294
Ruines archéologiques et les terrains qui les contiennent;site archéologique;http://www.culture.gouv.fr/public/mistral/merimee_fr?ACTION=CHERCHER&FIELD_1=REF&VALUE_1=PA00132838;"inscription le 16/05/1994 ; classement le 03/04/1995";Classé;établissement public de l'État;2019-12-05;2A;Pianottoli-Caldarello;41.46151,9.05201
Clocher de l'église paroissiale Saint-Jean;architecture religieuse;http://www.culture.gouv.fr/public/mistral/merimee_fr?ACTION=CHERCHER&FIELD_1=REF&VALUE_1=PA00099242;classement le 08/06/1989;Partiellement Classé-Inscrit;commune;2019-12-11;2B;San-Giovanni-di-Moriani;42.37751,9.47666
Eglise san sarsorio;architecture religieuse;http://www.culture.gouv.fr/public/mistral/merimee_fr?ACTION=CHERCHER&FIELD_1=REF&VALUE_1=PA00099179;inscription le 09/07/1927;Inscrit;personne privée physique;2019-12-11;2B;Bastia;42.6871,9.41667
Tour de Farinole;architecture militaire;http://www.culture.gouv.fr/public/mistral/merimee_fr?ACTION=CHERCHER&FIELD_1=REF&VALUE_1=PA00125391;inscription le 23/06/1993;Inscrit;personne privée physique;2019-12-11;2B;Farinole;42.73187,9.34276
Cavités de Laninca et leurs gisements archéologiques;;http://www.culture.gouv.fr/public/mistral/merimee_fr?ACTION=CHERCHER&FIELD_1=REF&VALUE_1=PA2B000030;classement le 27/10/2017;Classé;commune;2019-12-11;2B;Lano;42.36987,9.23348
Chapelle Saint-Jean;architecture religieuse;http://www.culture.gouv.fr/public/mistral/merimee_fr?ACTION=CHERCHER&FIELD_1=REF&VALUE_1=PA00099153;classement le 14/01/1977;Classé;commune;2019-12-11;2B;Altiani;42.22244,9.26532
Chapelle San Quilico;architecture religieuse;http://www.culture.gouv.fr/public/mistral/merimee_fr?ACTION=CHERCHER&FIELD_1=REF&VALUE_1=PA00099176;classement le 15/06/1976;Classé;commune;2019-12-11;2B;Cambia;42.37894,9.29287
Chapelle San Cervone;architecture religieuse;http://www.culture.gouv.fr/public/mistral/merimee_fr?ACTION=CHERCHER&FIELD_1=REF&VALUE_1=PA00099204;inscription le 29/07/1987;Inscrit;commune;2019-12-11;2B;Lavatoggio;42.56924,8.88218
Eglise Santa Maria Assunta;architecture religieuse;http://www.culture.gouv.fr/public/mistral/merimee_fr?ACTION=CHERCHER&FIELD_1=REF&VALUE_1=PA00099198;classement le 16/10/1992;Classé;commune;2019-12-11;2B;Favalello;42.29505,9.27243
Tour de Santa Maria della Chiapella;architecture militaire;http://www.culture.gouv.fr/public/mistral/merimee_fr?ACTION=CHERCHER&FIELD_1=REF&VALUE_1=PA00099277;inscription le 08/03/1991;Inscrit;région;2019-12-11;2B;Rogliano;42.99083,9.45183
Chapelle Saint-Jean-Baptiste;;http://www.culture.gouv.fr/public/mistral/merimee_fr?ACTION=CHERCHER&FIELD_1=REF&VALUE_1=PA2B000036;inscription le 12/10/2016;Inscrit;commune;2019-12-11;2B;Rogliano;42.95621,9.41912
Eglise Santa Maria della Chiappella;architecture militaire;http://www.culture.gouv.fr/public/mistral/merimee_fr?ACTION=CHERCHER&FIELD_1=REF&VALUE_1=PA00099277;inscription le 08/03/1991;Inscrit;région;2019-12-11;2B;Rogliano;42.98662,9.45385
Eglise Santa Maria;architecture religieuse;http://www.culture.gouv.fr/public/mistral/merimee_fr?ACTION=CHERCHER&FIELD_1=REF&VALUE_1=PA00099235;classement le 18/10/1983;Classé;commune;2019-12-11;2B;Pruno;42.41898,9.45262
Chapelle de la confrérie de la Sainte-Croix;architecture religieuse;http://www.culture.gouv.fr/public/mistral/merimee_fr?ACTION=CHERCHER&FIELD_1=REF&VALUE_1=PA00135320;inscription le 24/01/1995;Inscrit;commune;2019-12-11;2B;Brando;42.77797,9.46105
Eglise de l'Annonciation;architecture religieuse;http://www.culture.gouv.fr/public/mistral/merimee_fr?ACTION=CHERCHER&FIELD_1=REF&VALUE_1=PA2B000023;inscription le 10/05/2012;Partiellement Inscrit;commune;2019-12-11;2B;Casabianca;42.44602,9.36445
Eglise paroissiale Saint-Marcel;architecture religieuse;http://www.culture.gouv.fr/public/mistral/merimee_fr?ACTION=CHERCHER&FIELD_1=REF&VALUE_1=PA00099149;inscription le 15/01/1987;Inscrit;commune;2019-12-11;2B;Aléria;42.10456,9.51171
Eglise Saint-Pierre et Saint-Paul;architecture religieuse;http://www.culture.gouv.fr/public/mistral/merimee_fr?ACTION=CHERCHER&FIELD_1=REF&VALUE_1=PA00099210;classement le 30/07/1980;Classé;commune;2019-12-11;2B;Lumio;42.56954,8.83266
Eglise paroissiale San Quilicu (Saint Cyr);architecture religieuse;http://www.culture.gouv.fr/public/mistral/merimee_fr?ACTION=CHERCHER&FIELD_1=REF&VALUE_1=PA00099202;classement le 15/02/1977;Classé;commune;2019-12-11;2B;Giocatojo;42.44327,9.35381
Ancien couvent Saint-Joseph;architecture religieuse;http://www.culture.gouv.fr/public/mistral/merimee_fr?ACTION=CHERCHER&FIELD_1=REF&VALUE_1=PA00099246;"classement le 21/07/1989 ; inscription le 07/09/1977";Partiellement Classé-Inscrit;;2019-12-11;2B;Santo-Pietro-di-Tenda;42.60906,9.27194
Eglise paroissiale Saint-André;architecture religieuse;http://www.culture.gouv.fr/public/mistral/merimee_fr?ACTION=CHERCHER&FIELD_1=REF&VALUE_1=PA00099206;classement le 19/11/1976;Classé;commune;2019-12-11;2B;Loreto-di-Casinca;42.4773,9.43154
Eglise Sainte Croix;architecture religieuse;http://www.culture.gouv.fr/public/mistral/merimee_fr?ACTION=CHERCHER&FIELD_1=REF&VALUE_1=PA00099161;classement le 22/01/1931;Classé;commune;2019-12-11;2B;Bastia;42.69233,9.45209
Ancien couvent Sainte-Catherine;architecture religieuse;http://www.culture.gouv.fr/public/mistral/merimee_fr?ACTION=CHERCHER&FIELD_1=REF&VALUE_1=PA00099249;"classement le 07/03/1957 ; inscription le 07/03/1957";Partiellement Classé-Inscrit;"commune ; personne privée physique";2019-12-11;2B;Sisco;42.8175,9.48682
Eglise paroissiale Saint-André;architecture religieuse;http://www.culture.gouv.fr/public/mistral/merimee_fr?ACTION=CHERCHER&FIELD_1=REF&VALUE_1=PA00125393;inscription le 23/06/1993;Inscrit;commune;2019-12-11;2B;Sant'Andréa-di-Bozio;42.29464,9.3072
Eglise paroissiale San Nicolao;architecture religieuse;http://www.culture.gouv.fr/public/mistral/merimee_fr?ACTION=CHERCHER&FIELD_1=REF&VALUE_1=PA00099243;classement le 06/10/1976;Classé;commune;2019-12-11;2B;San-Nicolao;42.36999,9.49992
Eglise paroissiale Santa Lucia;architecture religieuse;http://www.culture.gouv.fr/public/mistral/merimee_fr?ACTION=CHERCHER&FIELD_1=REF&VALUE_1=PA00099258;inscription le 07/12/1926;Inscrit;commune;2019-12-11;2B;Venzolasca;42.48421,9.45394
Eglise Saint-Martin;architecture religieuse;http://www.culture.gouv.fr/public/mistral/merimee_fr?ACTION=CHERCHER&FIELD_1=REF&VALUE_1=PA00099226;inscription le 09/12/1939;Inscrit;commune;2019-12-11;2B;Patrimonio;42.70063,9.36192
Eglise Notre-Dame-de-l'Annonciation;;http://www.culture.gouv.fr/public/mistral/merimee_fr?ACTION=CHERCHER&FIELD_1=REF&VALUE_1=PA2B000032;inscription le 06/04/2016;Inscrit;commune;2019-12-11;2B;Muro;42.54669,8.91479
Ponte Novu;génie civil;http://www.culture.gouv.fr/public/mistral/merimee_fr?ACTION=CHERCHER&FIELD_1=REF&VALUE_1=PA00099184;inscription le 20/07/1928;Inscrit;région;2019-12-11;2B;Castello-di-Rostino;42.48621,9.2806
Eglise Saint-André de Granaggiolo;architecture religieuse;http://www.culture.gouv.fr/public/mistral/merimee_fr?ACTION=CHERCHER&FIELD_1=REF&VALUE_1=PA00099275;inscription le 02/08/1990;Inscrit;commune;2019-12-11;2B;Ersa;42.97928,9.38879
Eglise de l'Annonciation;architecture religieuse;http://www.culture.gouv.fr/public/mistral/merimee_fr?ACTION=CHERCHER&FIELD_1=REF&VALUE_1=PA00099193;inscription le 02/05/1973;Partiellement Inscrit;commune;2019-12-11;2B;Corte;42.30481,9.14963
Couvent Saint-Antoine;architecture religieuse;http://www.culture.gouv.fr/public/mistral/merimee_fr?ACTION=CHERCHER&FIELD_1=REF&VALUE_1=PA00099264;inscription le 30/01/1990;Partiellement Inscrit;commune;2019-12-11;2B;Casabianca;42.4518,9.36379
Eglise paroissiale Saint Sylvestre, son clocher et la chapelle de confrérie Santa Croce;architecture religieuse;http://www.culture.gouv.fr/public/mistral/merimee_fr?ACTION=CHERCHER&FIELD_1=REF&VALUE_1=PA2B000001;inscription le 09/07/1996;Inscrit;commune;2019-12-11;2B;Centuri;42.95996,9.36918
Ancien couvent des Capucins;architecture religieuse;http://www.culture.gouv.fr/public/mistral/merimee_fr?ACTION=CHERCHER&FIELD_1=REF&VALUE_1=PA2B000025;inscription le 24/05/2012;Partiellement Inscrit;personne privée physique;2019-12-11;2B;Vescovato;42.49243,9.44332
Eglise de l'Annonciation;architecture religieuse;http://www.culture.gouv.fr/public/mistral/merimee_fr?ACTION=CHERCHER&FIELD_1=REF&VALUE_1=PA00099190;"inscription le 08/09/1985 ; classement le 18/03/2013";Classé;commune;2019-12-11;2B;Corbara;42.61504,8.90682
Eglise Saint-Jean-Baptiste;architecture religieuse;http://www.culture.gouv.fr/public/mistral/merimee_fr?ACTION=CHERCHER&FIELD_1=REF&VALUE_1=PA00099160;classement le 03/02/2000;Classé;commune;2019-12-11;2B;Bastia;42.69698,9.45032
Ancien couvent de Valle d'Alesani;architecture religieuse;http://www.culture.gouv.fr/public/mistral/merimee_fr?ACTION=CHERCHER&FIELD_1=REF&VALUE_1=PA00099227;classement le 21/02/1983;Classé;"association cultuelle ; commune";2019-12-11;2B;Piazzali;42.31966,9.40214
Couvent de l'annonciation et son église;architecture religieuse;http://www.culture.gouv.fr/public/mistral/merimee_fr?ACTION=CHERCHER&FIELD_1=REF&VALUE_1=PA00135327;inscription le 24/01/1995;Inscrit;commune;2019-12-11;2B;Morsiglia;42.95316,9.36233
Palazzu de Francesco Semidei;architecture domestique;http://www.culture.gouv.fr/public/mistral/merimee_fr?ACTION=CHERCHER&FIELD_1=REF&VALUE_1=PA2B000024;inscription le 10/05/2012;Partiellement Inscrit;personne privée physique;2019-12-11;2B;Centuri;42.96085,9.36837
Château Stoppielle;architecture domestique;http://www.culture.gouv.fr/public/mistral/merimee_fr?ACTION=CHERCHER&FIELD_1=REF&VALUE_1=PA2B000021;inscription conservatoire le 25/03/2011;Partiellement Inscrit;personne privée physique;2019-12-11;2B;Centuri;42.97083,9.36044
Citadelle et mur d'enceinte;architecture militaire;http://www.culture.gouv.fr/public/mistral/merimee_fr?ACTION=CHERCHER&FIELD_1=REF&VALUE_1=PA00099192;classement le 10/08/1977;Classé;"région ; commune";2019-12-11;2B;Corte;42.30571,9.14837
Eglise Saint-Jean, baptistère et vestiges archéologiques;architecture religieuse;http://www.culture.gouv.fr/public/mistral/merimee_fr?ACTION=CHERCHER&FIELD_1=REF&VALUE_1=PA00099194;classement le 27/03/1968;Classé;commune;2019-12-11;2B;Corte;42.29365,9.16729
